file,md5
Cusp_Tutorial.Rproj,ec31f08a6c2c4bb64e2882c8ed2111ef
R/export_confint.R,1951323b49450f2b666802ba248fce7b
R/plot_profiles.R,7f47932cdd6c79d3c1c08b2112d23dde
R/run_tutorial.R,c14f4227a4a1906b7423c0a19d1178e2
R/tutorial.R,eff756a07a4ea3bece223baa93579b37
R/view_archived.R,6ae2d2c2c3d1aa09885f74c97c0c53e4
README.md,c5bfcde3eaba5ed22f541fe6de156a52
START_HERE_R.md,298c6f9415f9b4ee121faa118fd72db4
data/INPUT_MD5.csv,82286ce4f1ce893ea973c90571f96a5d
data/analysis.csv,bdcb6f334916570807c16a4354f52655
data/analysis_data.rds,b7600cf094f87ba6677daa27f2d1aecb
data/bundle.rds,a35d5deb2885b4577f4783034c02f08d
data/generating_truth.rds,1461cc74c343b6f947b28d0b62d0c9d8
data/observed.csv,8c9703512abd3a2cd7713d43e5e53294
data/observed_data.rds,5d32e4b762b3c06fce10feb5797a0222
data/preprocessing.csv,bc7297cdb9cf237331152df5da4b40e9
data/truth.csv,020c78d8892c1e4103292ea32d5597ac
results/actual_summary_model_statistics.csv,1441850d5a05d3c2b04327333cb50f89
results/coefficients.csv,9ee4ea8c43dd402f73ac40126f12188d
results/conditional_density_profiles.csv,b40d4dd89bf069ccc08e4a99de05bf4a
results/confint_console.txt,40e15c51f41320b74ff07414cf167436
results/confint_native_95.csv,2333e7452e113a0bbbf09d712ada4ef2
results/fit_native.rds,753df950221924794ef50b6a206cddcb
results/reader_fit_checks.txt,b0844f8133e43378e10d8b7d20f7063d
results/reader_fit_structure.txt,c6ae621e2b467c0cc9818529ca797147
results/reader_summary_console.txt,2344addce9b5a4d9ce24695e23b203a8
LICENSE.md,f75be1d5ce80ec8ac6cf8c816418ed62
LICENSE_STATUS.md,5d00b8f3eb012e179b83b9abf668760f
LICENSES/MIT.txt,3199282e07a997f554b1ff042b835c36
LICENSES/CC-BY-4.0.txt,2ab724713fdaf49e4523c4503bfd068d
CITATION.cff,68d23741cbdc0e70f48eabcb2384e3c9
