file,sha256,bytes
.gitignore,6f0d4b0c085603a107774dacd2affde687e82dbd3ba716f78ee773c5ceffacbc,73
CITATION.cff,d91e71a29acda8dab71f75c98b4bea69f3cd8912c887b6c0327bf6e5f0f523c3,577
Cusp_Tutorial.Rproj,b36ede61f5571fdb50d00c2c8149351212e282e87b89f97a3b327ce6d933e8db,186
LICENSE_STATUS.md,735c64e7011b2e098e9665f9005b2956941594df797a3affadfd4c891a8d67b9,432
R/export_confint.R,75715070fb15df9f3dcf58916bc74647b87b185b93f7eaabf945381df68679e1,4222
R/plot_profiles.R,69b3465f3f099ea40fcbd3fdc1f351e454fdf243154f38e29b43fae789876c51,4029
R/run_tutorial.R,00ac73bebee66838788ce0e5aa057c955e1bd51154ff8da9e6f0c2b6f10f71cf,6959
R/tutorial.R,1f2decc788025ac1a714dbdaee70b9e90fc817166bf7755313fe5eb88e369fc7,1689
R/view_archived.R,c78481479f9e07ad18643f294a293daca8934d8e040743b84b0ed17a6836c0af,1783
READER_FILES_MD5.csv,a19a13ea27843fa9e5e353848a445d08cbcbe9ad9c3b7a0b88992d7e91317958,1495
README.md,98d56c49f046bfba0ee45122c1ee50b0b990f258aaeca283e14069d44bf7d374,4777
START_HERE_R.md,ba63aded40aa7a71dc44d68654d7b4b31406b68236d39c1c9018d71fe12633b3,1845
data/INPUT_MD5.csv,5ebdc622d3750ed868d599faad822cb847329da015bc4727ce3c0a5466728bd8,444
data/analysis.csv,8f2be132b4c19697e5e11ae2bb9df3633640a5a4eb4ec7ae00c7b085fae00782,74806
data/analysis_data.rds,7304aaf8765cb40bc87f841a44e2639387e173d68025a684e7daa5d763b0c78e,31686
data/bundle.rds,da5935930c6572a5016b297576f79027a90b2e48b4208c46b599b831a5d36941,121396
data/generating_truth.rds,0bc919ba2aec164333e56ca099b4342d9e3ae431df0f5fb1ac5e26c71a43926d,58336
data/observed.csv,21797188d00a9e858a40bff6586dc4e63e7606c0974ab11edb31a9e570155611,70452
data/observed_data.rds,2a93594e6e68cca559d887ddbe26c6c25652f2f6d2cd07dabc88496e4836b1b2,31014
data/preprocessing.csv,a2c7b271a0c17b9fb166f6c0257ecbe53866d39be72070430123c22069954c84,187
data/truth.csv,927dacce66706be886dfc5844dca74fc28cc4b9a511ce3dabe099736a9e5b4b7,146953
prepare_tutorial.R,771c5eafd2b2c5e5dc5f733ce6b0e457e0f25449b0ab84dcfef28e896cec0a2f,3624
provenance/ACTUAL_SUMMARY_CHECKS.csv,6adc2c284a2b2139eb45d8de13708c6febbe7d7b3d114ec9e127b22ba3205273,199
provenance/AMENDMENT_PROTOCOL_FR.md,6db599ad094510ba4ffd2f0b050ccdcd945ddd5e9cf34f3af3d41a5fe61fb121,12625
provenance/CANDIDATE_SUMMARY.csv,825b9cc1b3e29360da0bd2cdb841b3b99a0948ba51c2f1a1b700258fd8944694,492
provenance/FINAL_CANDIDATE_LOCK.txt,9eb8bfb238c02b369d151f88b6383dba7238472c277b6a618ba6b1c1382ab269,199
provenance/INPUT_PROVENANCE.csv,31fa3d5e490ff0db709f74a87ec3addf10db0bd3d26bc362c2caaa5bb3bc936b,14669
provenance/README.md,701f9e6665d2924aa2ab9b870c49735637bca1360416999fd0520466f82a156e,1083
provenance/RUN_STATUS.txt,43be0b2f77ce2142e63fb89555be60832de1a3f68fac05cf7541ae7ef74d711b,313
provenance/native_reader_reproduction_20260924.zip,a46e17bd591028542ff2a461b7e834c6308d38e3b8163b74e31da43f6c50a319,951211
results/actual_summary_model_statistics.csv,fe5174bf5049f7bf49c4d55e5258343b30a1e360e15330f9efb92dd0fe01a9d3,335
results/coefficients.csv,8871c22552e739441d3a63a0890c2c46b453477cf286a26cf3fd2d506160d5de,605
results/conditional_density_profiles.csv,c67afe32e82ca5ca3e3244842968840128eafac3aeaab918bf2d770cbcc63a72,166786
results/confint_console.txt,77e5b2182310480186946a0c0ef6a292d2ee4f4bb89400c85bb8ba31bbdeb0cb,350
results/confint_native_95.csv,e128b8fdccbd7aa0943f3e6ababdf09a4b4c3ad56fd7821a6aa136173bef5e2e,365
results/fit_native.rds,929907432227097066a680357ec1b80de048830dec0bcd80d459840808ccb588,825888
results/reader_fit_checks.txt,2f76f5f648e89e1bbfd94737b9e7571e0f376455612bc9240178ab9cdb0489ca,114
results/reader_fit_structure.txt,f003faec2667f4172da604f107b7a1d8d1a9a3d2f73f0aaa615a5ecba6940cc5,2885
results/reader_summary_console.txt,ef0db38fe4267f5fd7388982356cc8b2204d7e773cdd1032b15e7bdc2229bd67,1510
