"id","personal_resources_z","acute_stress_z","adaptive_functioning_z"
"P0001",0.846629973908915,-1.28059313197347,1.61464120053148
"P0002",-1.27747529049271,0.762779070439161,-1.45873014922697
"P0003",0.914149072653973,2.11682690546275,1.65206026179254
"P0004",-1.06139613877107,1.68287984623355,-1.40008047655837
"P0005",0.763639901623167,0.527348386719944,1.64423493042612
"P0006",0.0665212803003191,0.940515926852258,1.03072335079918
"P0007",1.77041988957287,-0.685163870211659,-0.469449844254932
"P0008",0.410967976003317,0.21740223895378,0.112163740128253
"P0009",1.22096578562969,0.59226371180047,-1.09240609663807
"P0010",-1.31272886687962,0.952252169719503,-0.695788688233881
"P0011",0.706835456111479,0.065758225680867,0.75768772319342
"P0012",-0.192979201563841,0.437222951672419,-0.809961736909267
"P0013",2.1647050431959,-0.47960358323335,0.583060612549958
"P0014",-2.33375151779635,-1.26040296987241,-0.549206448588442
"P0015",1.15865116754956,-2.41186305555556,-0.0308597115773401
"P0016",-0.158805830124905,0.992703276233243,0.112284686899884
"P0017",0.438516068034738,-1.06270165845115,0.490743270069959
"P0018",-0.615061607826006,-0.580068112566753,0.803112044892104
"P0019",0.913366730480225,0.523311573071692,1.82732817045669
"P0020",1.35386307468852,0.896491683746834,1.88191193545705
"P0021",1.98131153588505,-0.578066712948872,0.914091715006547
"P0022",0.315632358195447,-0.301845525164027,-0.702847719739644
"P0023",1.38261291196396,0.677704725500747,0.850919443153919
"P0024",-0.732435905828543,-1.17839925946336,0.243817806311585
"P0025",-0.284534114551403,-1.1069774843563,-0.0528838696794794
"P0026",-0.516850791806426,0.4409639599331,-0.745023461849165
"P0027",1.78944447554609,-0.653140768919025,0.19864856135233
"P0028",-1.9542944322121,-1.18050222843624,0.24104272676399
"P0029",-0.526207734975371,0.269805898151681,-0.804903743030492
"P0030",-0.782378324224175,-1.95834407862155,-0.985480079386594
"P0031",1.09896832993986,0.44434025100336,1.07259396160434
"P0032",-0.384241979319621,-0.588223466926545,-0.997454315537068
"P0033",-0.0772928531643286,0.377845017577182,-0.642754246361312
"P0034",-0.320670797641855,1.36937387954732,-0.628005266093164
"P0035",0.37985392945325,0.143772217182697,-0.500623167085128
"P0036",0.0398102863098469,2.27950565850611,1.88886520715449
"P0037",1.52887044989629,-0.298288740635631,1.37659438496805
"P0038",0.290018148024349,0.759047622029349,1.76217024660432
"P0039",1.8284997963007,-1.85498984337274,1.11460917238705
"P0040",-0.270795692483223,-0.562572182301829,0.610013912800201
"P0041",2.45308932107829,-0.749480043575343,0.821796613062852
"P0042",0.0262016093263795,0.85623572688188,-1.00636428551139
"P0043",0.652019995386192,1.07679880490427,-1.65484718921637
"P0044",-0.539190507896038,0.870764701016315,1.7131749155162
"P0045",0.209345705439217,-1.15932922330019,-0.449174765717457
"P0046",0.420356857999642,0.35784865814838,1.03379882271812
"P0047",0.37585633128569,0.805228820762338,1.05544571746448
"P0048",0.218124814654527,-0.212441365045228,-0.784829999222942
"P0049",-0.302038337950188,-0.204008751077571,-0.0560124548912329
"P0050",-0.203762564836448,-0.0481102902707807,1.93650067520706
"P0051",-0.579746311870251,1.91646383626976,-1.51536126042494
"P0052",1.61802780946428,-0.110035674088433,1.47704349304792
"P0053",0.666024646570686,1.63780505301181,0.862615429863311
"P0054",0.509989112040683,-1.71697448865946,0.574880026763554
"P0055",-1.45578448521724,-0.339276249686685,-1.34602971936648
"P0056",-2.01466725402298,-0.850275133472823,-0.0684512461132099
"P0057",0.855204998605623,-0.894935892330244,0.498283178837204
"P0058",0.0235399873510332,0.750898885880246,-0.527099131970886
"P0059",-0.0568748762294747,-0.239309850719002,0.462930764417083
"P0060",-0.804411934574576,0.808817458825066,-1.27636658913044
"P0061",-1.81602838574647,0.909583686237452,-1.77713724439537
"P0062",-0.364566323950467,-0.872422806151052,0.0767633726739303
"P0063",-0.71634874719058,-0.41996384620515,-0.164531729869064
"P0064",2.36611052730735,1.19122267594856,2.05532620715374
"P0065",0.297257953231634,-0.341640790961597,0.864103619046623
"P0066",-0.958646527223647,1.04370985531207,-1.51511589577323
"P0067",0.525588854530576,0.171909616931302,0.695351576270179
"P0068",-1.56062494764471,0.283684207899311,-0.39083052080779
"P0069",-0.470470377616911,1.08210685132749,-0.883660627217429
"P0070",0.328588947658224,-0.608284896097245,0.196320116841499
"P0071",0.21890205363078,-1.01544585292034,1.2558093095271
"P0072",1.47745751067636,0.53484355293693,0.939765024792652
"P0073",-0.924273712655755,0.30983285631932,-0.658659653003235
"P0074",2.02658470739095,-0.0244207386868872,1.01132531407302
"P0075",-0.465635539200531,-0.149665317969289,0.0713628477646363
"P0076",0.724666571274572,0.0228290156002792,-1.61456454695183
"P0077",0.302150717789737,0.00971522827056717,1.6560450128864
"P0078",0.600839012954903,0.28219233597342,-0.468531437624653
"P0079",0.23266427029085,-0.759836386908711,0.731448651913447
"P0080",-1.40627707692537,-0.15456550172359,-1.0262763665561
"P0081",-0.138037071040569,0.206444721971377,-0.368143980171696
"P0082",0.469782027592465,1.57439577101064,-1.68259522970177
"P0083",-0.315342569711194,0.0662677187179255,-0.933617671272094
"P0084",-1.87887526323223,-1.11367387397991,-0.408118655372164
"P0085",-0.336946461411342,0.0845908267219725,-0.327138252313384
"P0086",-0.282121122175255,1.06223804884774,1.53204824704069
"P0087",0.549867324125256,-1.5444554721488,0.432873278813636
"P0088",-0.454623728792586,1.02021398383221,-1.27471271334129
"P0089",0.126011884576302,0.113647484162276,-0.550722853172505
"P0090",1.30853566126092,0.0900353233670952,0.885394300981938
"P0091",2.16169153304424,-0.486033502935739,0.686956742578195
"P0092",0.756178024374264,0.728349805083094,0.513820902143218
"P0093",-0.237905112983622,1.28526389768541,-1.64036790379563
"P0094",1.47433715279087,-1.19791315558346,-0.0106625146942699
"P0095",1.18775495918952,0.186207703886203,1.45303445922088
"P0096",0.312847980573685,1.11218773200665,-0.642017618409092
"P0097",1.22940458710821,-0.979287444237035,1.41876456737631
"P0098",1.44178890366626,2.51987814507648,1.35624306396088
"P0099",1.03118610086451,0.389931967240422,0.877402638281276
"P0100",0.387519167130965,1.01875459687911,-2.0592045158366
"P0101",-0.265599538137825,0.0325644754047067,-0.600639919878106
"P0102",-0.0889925114067907,-1.65633831666204,-0.613594774375878
"P0103",-0.260478025613265,-0.473464075954707,-0.457609854510898
"P0104",1.05990313476148,0.991997191109606,0.0977751316136634
"P0105",-0.177351693544809,0.15646441912046,-1.33101739213247
"P0106",1.35781066749157,0.57320788516738,1.60374064803699
"P0107",0.639674312902162,-1.23863530305906,0.166427924399339
"P0108",1.1135607297698,-1.0048422828803,0.235426856745052
"P0109",-0.0694484331237233,-0.45948678423346,0.953614409782491
"P0110",0.0907536265711174,2.43573691338515,-1.24207005276876
"P0111",0.611905798605437,0.00299970259186565,-0.863016044809584
"P0112",-2.16718848470091,1.21229119596115,-1.46796545002926
"P0113",1.29397913566154,0.362822147727494,-0.998047137823622
"P0114",0.24777078892475,-0.322383672387786,-0.255871922055967
"P0115",-0.997203402206389,0.109440198253275,-1.14594789230274
"P0116",0.349322687105463,-0.143849049348846,-0.142052917366894
"P0117",-0.739214905474289,-1.63103527367669,-0.621365961030078
"P0118",-0.131441313759422,-2.57522863930936,0.0850963472841105
"P0119",-0.966787116406072,-1.40232038533111,0.090972713656222
"P0120",0.150698392721711,-0.524404456258396,1.64786678472289
"P0121",-0.317261700548236,1.02330954656471,0.140760218943258
"P0122",-0.275450257861074,1.14372043131265,-1.22476696681898
"P0123",1.5955222740573,-0.395726836201034,0.994320652278433
"P0124",0.615765984345285,0.706339018756499,0.123322035550524
"P0125",0.221125766468426,-0.830007790091108,0.154260132424919
"P0126",1.98745347512186,0.958437586997628,0.652874152842402
"P0127",1.1799957975569,0.697430761895515,-0.998661886179021
"P0128",-0.550619342627816,0.758465064285228,-0.665233980872333
"P0129",1.21422208848515,0.0825323249382475,0.956942558325209
"P0130",1.30203648351594,-0.565230492599404,0.670826469737749
"P0131",-0.982246937571593,1.68553316853647,-1.23037726315235
"P0132",1.09454301432527,0.078216804178732,1.16114532425412
"P0133",1.35622273707904,1.25481023356202,1.4370600788148
"P0134",1.02843610058593,0.401385598685723,1.32014580117072
"P0135",-1.16389955385271,-1.53387710610559,0.0184996681306965
"P0136",1.44319075620164,0.793905242152941,2.05427829172792
"P0137",-1.43935622197324,-0.623512642431292,-0.874412628241607
"P0138",2.03693395203016,0.122298439467754,1.71534699845816
"P0139",0.248904286023406,1.77813741513637,1.56761387495261
"P0140",-0.647137374742255,-0.811763037032825,0.792598892436547
"P0141",0.0835065757637047,1.22783955230631,-0.607494642059195
"P0142",-0.934778623503749,0.0563979102214862,-0.60511740644405
"P0143",0.0284777418330152,0.571944242189968,-1.61362379296211
"P0144",0.853981520629115,-0.543362298525725,0.28558743524845
"P0145",0.639151749990768,-1.12879770819407,0.867764841604909
"P0146",0.736511131440554,0.60964528107196,1.0860864261427
"P0147",-1.23524566423674,0.615044855410675,-0.411399841114815
"P0148",0.86255538076365,-0.242885674434081,-0.119811351581434
"P0149",0.957093301226368,1.75564285263313,0.46706780981237
"P0150",-0.658679598087801,1.02069688053209,0.808415576654255
"P0151",-0.354427184349236,0.343439155091512,-0.193639922184767
"P0152",-1.83272264711837,1.24457762376032,-0.937653825336363
"P0153",0.229050576543555,-0.637478936972357,0.5215125696178
"P0154",-1.50469920511506,-1.44754211698443,-0.61427177044636
"P0155",0.161761960653789,-1.88251333361928,1.02205962722406
"P0156",-0.442748963981577,-0.046724606333884,-0.536387830877622
"P0157",-0.36220603181296,-0.738001062367297,0.81185629417262
"P0158",0.758281769703956,-1.13087576040408,1.06679216512763
"P0159",0.301041740260776,0.339673665305679,0.916673828061896
"P0160",-0.939822996299286,0.668783526880123,-0.173343051877844
"P0161",-0.195147844351189,1.49508184718642,0.0256157382412007
"P0162",0.122175673078429,-1.07021711864251,0.7418321149942
"P0163",0.250064238431355,0.0993401210801998,0.311481610135763
"P0164",1.95570080386811,-0.608238694894542,0.848684791548313
"P0165",0.247973490525085,0.247105591954454,-0.114480790977208
"P0166",0.474315576714083,0.950694098078023,0.649693771887284
"P0167",0.0101099474702501,0.211518896408483,1.17171957882623
"P0168",0.617041179005177,-0.375746203258366,1.6889977165595
"P0169",0.0265467982415405,-0.539845392626818,-0.633622701786958
"P0170",-0.908477409606443,-0.516872102875771,0.410813371381325
"P0171",-0.247636987310238,0.201425620066887,0.586208317412083
"P0172",0.784702827766742,-1.93584725443671,0.418393348313552
"P0173",-1.16550232735895,-1.44380429379759,-0.268134561744718
"P0174",2.4228013031941,-0.763469869743187,1.6810779768482
"P0175",0.777907636510289,0.223067778266738,-0.605075307935066
"P0176",0.184896017737238,0.362961505950697,-0.495339109198821
"P0177",0.282184970763648,0.930500580087323,-1.2547472849956
"P0178",-1.60924566936748,-0.0358535301837307,-1.04563753907876
"P0179",0.339734700676137,-1.27296406742348,-0.558067538037093
"P0180",-0.0919000351917749,0.231744138500349,1.46426269987308
"P0181",0.0797989940848526,0.0183616319474713,-1.47228798997277
"P0182",-0.710356069605986,0.738403386591723,-1.63581497438653
"P0183",-0.894716676591154,1.00220034246484,0.506506361875865
"P0184",-0.138567585750835,0.466417259615,0.0372645304348623
"P0185",-1.21092435091641,1.13530140346316,-1.06277411999331
"P0186",0.267404263626298,-0.715488603488311,0.702505366146386
"P0187",-1.91909268021679,-0.0808760613915936,-0.627313505378214
"P0188",-0.854543063034782,1.4446416325782,-1.04734597179188
"P0189",-0.258371813397162,-0.0590154391977983,-0.860898902097997
"P0190",2.48746478615801,-1.52259848480762,0.909283270153274
"P0191",-1.14768849502688,-1.66623163132884,0.569477600923706
"P0192",-0.043266604117916,0.0576070007054625,1.08011808728788
"P0193",-1.29160501848144,-0.123368582121618,-0.427260483993227
"P0194",-2.43475603324748,-2.11555322732052,-1.0413178528246
"P0195",-0.000139565836974408,0.13909839319863,0.620728278841136
"P0196",1.30164044521147,-0.232183155150565,-0.405100929435476
"P0197",-0.167205035233267,0.767650850390313,-1.44146389883969
"P0198",-1.74298850410357,1.0080163512499,-1.11803107015802
"P0199",0.423723240721764,0.454311249179351,-0.979770391879172
"P0200",0.162676507964397,-1.89984443949309,-0.798643304167603
"P0201",-0.498296120564699,2.38243076002238,-1.69274243145292
"P0202",1.38532986312183,-1.35693258977233,-0.13675753930517
"P0203",0.128589448333806,-1.53039763437272,-0.355446106790913
"P0204",-0.556784609843398,-0.687241504779982,0.887627466854895
"P0205",0.620837296922202,-1.64352699758457,-0.373208302504933
"P0206",0.389911006529066,-0.262622386920665,0.301650240314031
"P0207",-0.0840446547200117,0.365421394517348,-0.801390289484727
"P0208",-2.21011960009564,1.26511263766758,-1.42715605059612
"P0209",1.0812278064056,-0.238688368325845,1.14485457071074
"P0210",0.794047964322008,0.648520297688437,0.874587586374594
"P0211",0.846818402986357,-0.941578201905829,0.0607477130130514
"P0212",0.995330086272115,-1.32953197396999,0.027857933616807
"P0213",-1.92217549902368,0.587040910992311,-1.1894987726838
"P0214",1.1509097283005,-0.532454482543118,-0.172326994004565
"P0215",1.69575927148145,-0.586750044580747,-0.750368012752405
"P0216",1.76530901101908,-1.3439360843946,-0.323181057140442
"P0217",-1.32342230878669,-0.835963290684962,-1.22536210694455
"P0218",-1.52480909279869,0.450248226385754,-1.20059156148432
"P0219",-0.224173377282215,0.111938670103316,-1.79529620073051
"P0220",-0.715703999628483,-0.603472180413537,-0.978149285237572
"P0221",-1.32577182730255,0.42747935707752,-1.45829762694594
"P0222",0.978506383400199,-0.858747007883163,1.37345753116805
"P0223",0.301547021716304,-0.780613412827686,0.629554048572303
"P0224",-1.4397002120911,-0.494779510951518,-0.54811528310088
"P0225",1.84035487563362,-1.13178498049948,-0.0686764009814351
"P0226",-0.625763913225494,-0.0341499518356049,-0.0665558135944434
"P0227",1.35633283823766,-1.53073950641583,1.0132914625873
"P0228",0.566667697379567,-0.179209313848818,-0.891618828695353
"P0229",1.91558255544887,0.344924273757982,0.833088170980427
"P0230",0.191360478579544,0.180435209014855,0.536383479277447
"P0231",-0.918463904411121,2.22780701372472,-1.70335387312476
"P0232",0.0776353010236419,0.127890864006394,0.171366150079565
"P0233",1.22889693218607,-1.03785966967021,0.975241087919121
"P0234",-0.50520342063676,0.341933860473271,-0.531770890524436
"P0235",0.622544875660137,0.333579844021594,0.865352371427212
"P0236",-0.0695843373994696,-0.946389602624945,-0.92984811032485
"P0237",0.177906838094951,-2.05029693445851,0.365515215679309
"P0238",0.332439081816754,0.414727307203046,0.443501375218629
"P0239",1.38632845461505,1.1275920719914,1.6977875699901
"P0240",1.24150910478793,-0.593928492550983,1.39283514244962
"P0241",0.0074840018144768,-1.41172957922265,0.405947471123795
"P0242",-0.144831232717091,0.604871226500217,-0.129974934497443
"P0243",0.632892466914946,-0.429658237284074,1.23481110180497
"P0244",-0.683208171369632,-2.56463664195947,-0.316298145563478
"P0245",-0.735207133534529,1.10567197171798,-1.40169096413612
"P0246",0.172055878202989,-0.0312064418845236,1.15507033613539
"P0247",-0.817396165800481,0.0234634597852548,0.770742074012483
"P0248",0.090389289047535,-2.19232816314711,-0.310331071892976
"P0249",0.991241325517703,-1.7142862669034,1.79402349407663
"P0250",-0.402296534209417,-0.164188261388089,0.851587402366841
"P0251",-1.095064953728,0.690266616525156,-1.93024672598987
"P0252",0.734109154118551,-1.21137466619065,0.565497358210082
"P0253",-2.09389370657656,-1.61106142658984,-0.715187392053386
"P0254",-0.585362754684727,-1.45726212141314,-1.280731208864
"P0255",0.657443729088286,-0.304028510971011,-0.155400688830453
"P0256",-0.944061202988923,0.292847050824009,-1.27569764009987
"P0257",0.0812232409365865,0.834248595819574,0.9534515039555
"P0258",-0.478132285583822,0.04333583571409,0.963724484434382
"P0259",1.1119923042271,0.0849666444788358,0.954204892238524
"P0260",1.59012872637,0.0721489931754316,0.945070788915119
"P0261",-1.16920528926568,-1.55390448726976,-0.148308817976684
"P0262",-1.20465207490761,1.2129884835186,-0.551905238780267
"P0263",0.386592965544249,0.275273231322626,-1.09762344530458
"P0264",-0.719566363887561,-1.15744789041571,0.577862183964283
"P0265",-0.146665309651392,-0.770375102680644,0.749251837112982
"P0266",0.233952688935567,-0.718476619986449,-0.21463239278519
"P0267",-0.977201389729983,-0.657276082856894,0.211828450926224
"P0268",1.71949957272879,-2.37510112829784,1.32125279430277
"P0269",1.82268827592403,1.13181698766249,1.24652215448383
"P0270",-1.09946430438174,-0.253230720247727,0.0914826015043491
"P0271",-1.10083265119336,-1.77402111237743,-0.451351909360604
"P0272",0.0227673700927055,-0.641914858308862,0.660015512781182
"P0273",0.763737811390801,-1.92905346976415,0.717025878291134
"P0274",1.72323170874745,-0.25294558865205,-0.461845152489776
"P0275",-0.000942000877103205,-0.351998515825617,0.873749589326388
"P0276",0.758503352477247,1.89823885614803,1.53880782291856
"P0277",0.0982183944721754,-0.810681403191233,-0.808062138417353
"P0278",-0.0730154856767883,0.419467407746987,-0.309603085622539
"P0279",2.15339842561944,-1.11663991686002,0.795800563672091
"P0280",1.49581610406142,-0.747331680610913,0.984851315592093
"P0281",-1.76081716321143,0.218478520831784,-1.62949963263516
"P0282",-0.237536512530458,0.921023033902821,0.11671969383163
"P0283",-0.943136429911468,0.382871799695851,-1.16975846437621
"P0284",0.172151202277428,0.701718108164662,-0.265902966578951
"P0285",1.07610316917358,0.575446354416825,-0.239825722116142
"P0286",1.09702354127506,0.20979183758605,1.1177977746857
"P0287",-0.912545421644123,0.11765579233711,-1.63926697481825
"P0288",0.799881529382605,0.441187669653858,-0.144079681313956
"P0289",-1.36355611812308,-0.256916069448922,0.0601681347455463
"P0290",1.33045721028649,0.368092281795195,0.928028194646052
"P0291",0.0337961394356078,-0.292760090005748,0.348346119017613
"P0292",0.458157845821481,-1.39204016393993,-0.00364210036597308
"P0293",-1.53172223032376,-1.43657739938076,-1.53464958669302
"P0294",-0.283400387427163,-0.137293142985044,-1.1292924983709
"P0295",-1.36335891743676,0.659829048468135,-1.55902263112191
"P0296",-0.219497702280078,0.648812989581283,0.140386697825724
"P0297",0.0364527973621002,0.807669383489804,0.286448021485487
"P0298",-0.790814604944007,0.567839391824719,-0.0619177203492571
"P0299",-0.213562250896098,1.66601684613624,-1.49996319341632
"P0300",-1.13119967697679,0.0456180757765089,-1.13416963763548
"P0301",-0.300031753224642,1.27825603712904,1.39355514396949
"P0302",2.56665815076675,-0.410497962143385,1.32599964436357
"P0303",-0.857062593676197,1.01629581520195,-1.40274686450447
"P0304",0.516934649832032,1.30274169083342,1.09807009618285
"P0305",-0.0105667220938837,1.01159541361774,-1.85467879049085
"P0306",-0.362484476832352,-0.804141215370428,-0.0710561016511293
"P0307",0.51364571230246,0.0775690836064867,0.634347241604838
"P0308",-0.0351507005077974,0.213785422288548,0.653304482815034
"P0309",-0.441996028740467,0.14247467497308,0.646884194608277
"P0310",0.40174117357753,-0.380054396319413,0.906035303264627
"P0311",0.762862853062893,-0.359646882299382,0.747875258035486
"P0312",-0.384752010539773,1.26112681469296,0.610882408568608
"P0313",0.144782233547443,-0.530833495166946,0.849136052436869
"P0314",0.189368138821048,-1.56668778147339,0.690361737396438
"P0315",-1.20687138604034,-0.858053883507662,-0.611570879017003
"P0316",0.727849341513946,-0.0168499077712545,0.608011865168966
"P0317",-1.02826781919478,0.046243923885047,-1.16365366994165
"P0318",-0.894434351817716,0.577399229157564,-1.47225012875242
"P0319",0.658728299469726,0.0580740818671425,-0.578235374352278
"P0320",-1.41197835358546,0.911165151419736,-1.28500246603861
"P0321",-0.0338217383603706,0.118609931419626,-0.91729569189122
"P0322",-0.718042004484025,-1.1385559546891,0.145324778449273
"P0323",0.078976962713071,0.00113505902488509,0.651977570954169
"P0324",-0.442704395846958,1.05895016116136,-0.336321568306953
"P0325",1.32851290784956,1.54213392435459,1.65612542264861
"P0326",-1.82885654797807,-0.169471672482607,-1.06447094495304
"P0327",0.171210814707176,0.468578583654706,0.366425124305803
"P0328",0.71779050508457,0.928049270609245,1.82543834382223
"P0329",-0.754416433216307,0.797592914069443,-1.30972129016109
"P0330",-1.94109112114346,0.306909095732455,-1.50181254015083
"P0331",-1.1830159903384,-0.454681789519364,-0.214806943480458
"P0332",1.65433048037857,-0.645370871392518,1.74006986016511
"P0333",-2.58670769842039,-0.224668017903505,-0.961881880704526
"P0334",1.90113962426167,0.322899109890538,0.321225893156912
"P0335",0.387084760027094,1.14100627985796,-0.643975943005563
"P0336",-0.0773095489097596,1.51334187760561,1.42318538602677
"P0337",0.947681541651026,-0.149166428309526,1.57106767278982
"P0338",-0.986179545747334,0.11014701704823,-0.0881241850176956
"P0339",0.226932227189061,-2.14530714418354,-0.0538989785861595
"P0340",0.451157075767401,-0.295864574485917,-0.189093230111368
"P0341",1.51983103292292,0.605644447318748,0.28292390322018
"P0342",0.386939931657789,1.13913211673824,-1.30151532584145
"P0343",-1.53224166986812,0.158512265955787,-0.517054548328164
"P0344",-0.428470761080178,1.55357825109764,-1.40086432808811
"P0345",0.602893836899911,-0.698275347147303,0.305609757869606
"P0346",0.800261250986679,1.32384925262572,-0.873941852959291
"P0347",0.513715472774358,0.149913331444492,0.524725938369748
"P0348",0.110404240053955,1.07055254736829,-1.28690431679179
"P0349",-0.39920163758281,-1.5301194524741,-0.144141485723595
"P0350",0.634665525502489,1.18875525567511,1.43765645051362
"P0351",-1.65025933755762,1.43105985044008,-0.665963026395756
"P0352",0.555775060489146,0.488603484776911,-0.727095338929706
"P0353",0.238833285284874,2.25310841637277,1.85345582505284
"P0354",0.872799665395447,0.87056242538487,0.824025331822326
"P0355",0.264372489425928,-0.0167084033876214,-0.0506472652879943
"P0356",-0.680099288032484,0.778286825604489,-0.0176494113897394
"P0357",0.538543328818837,0.805717795900244,1.07861256488437
"P0358",-1.10955130793349,0.254240680916336,-0.108973112439014
"P0359",-1.50250169031654,-0.0373403855237509,-1.55778250560365
"P0360",-1.47799966693775,-1.6317895053613,0.228448090705464
"P0361",0.0756379263995982,-0.354630093043139,-1.32739540606456
"P0362",-0.835333524761964,0.0941709410010918,-1.06480878361056
"P0363",1.37328464412492,-1.42111094519937,-0.588905200084149
"P0364",-0.860506822305515,-0.997945355982585,-0.449094338268502
"P0365",-0.827292592299947,1.41491391749549,0.246786617250167
"P0366",0.275326927838699,0.130007808621141,-1.0709267703412
"P0367",0.199633909256362,-0.0772946782707461,-0.863471636364511
"P0368",-0.106473326852264,-0.158570850383154,-0.894136123832935
"P0369",1.41990814177538,0.927015491955331,2.24796637807652
"P0370",-0.881907269019355,-0.874319081110082,1.20332318245304
"P0371",-0.0200144101135491,0.824568069424223,-0.912757870720995
"P0372",0.710772465824104,0.103447160932963,-0.141566158202551
"P0373",-1.97375938205939,0.764985168596667,-0.969146413605231
"P0374",0.97954712059532,1.22142949997867,1.32759865840037
"P0375",-1.61797995941657,0.205623096911113,-0.41773589634336
"P0376",0.282217098678086,-1.15847345499582,0.722297103225415
"P0377",0.0625938925329811,0.217285097791821,0.44576160686962
"P0378",-0.292670334260345,-0.502447683495535,-0.0900701899291274
"P0379",-1.41195383155159,-0.390531047015782,-1.44199241804934
"P0380",-0.843221447463468,-1.57503124993074,-0.179395366873163
"P0381",0.918942725633577,-1.82569616076295,-0.115557802646564
"P0382",1.55388336743549,-1.49134191773079,0.673319442995167
"P0383",-0.328290750665294,0.761949358541162,1.07977728065272
"P0384",1.33604219467386,0.598804483762306,1.74619401341297
"P0385",-1.51522483088082,-1.46670496815297,0.713726072959351
"P0386",0.0924909721557467,1.37153456442939,0.884778075921613
"P0387",0.737706912560871,1.35873321539683,1.53808823212818
"P0388",-1.2882251965592,1.59428599620539,-1.56799131773882
"P0389",-0.74839531237273,-1.77520677452941,-0.20648857397712
"P0390",-0.554013434484282,-1.61707152437933,-0.0533806931418893
"P0391",-0.472956138855711,0.511935134790673,-0.741195734998268
"P0392",0.651327541672749,0.425520311008327,0.930538139867756
"P0393",-1.22468085461792,-0.386152352002507,-0.101972250589776
"P0394",-1.21890300171415,1.50358240501627,-1.91414607326142
"P0395",-1.14006295245768,0.388419543661404,-1.42831559849373
"P0396",0.668706947794392,-0.269915648682951,0.254715916095101
"P0397",0.652776880122548,0.668669854184006,1.30488833061877
"P0398",-0.240490595178862,-1.12075317686808,-0.829960973410314
"P0399",1.13561907855635,-0.533191211713753,1.60790145141585
"P0400",0.00828256638056193,-1.40862587944315,-0.590460810301803
"P0401",0.508549003202195,0.509034600964355,0.776842923633352
"P0402",-0.199657319101376,0.347464616735514,0.0508361029953975
"P0403",-0.0736981510811717,0.803741847438189,0.969567723998162
"P0404",-0.984317763917019,0.26746027873006,-1.44253397498658
"P0405",0.28711971872575,-1.32624281920993,1.01143701683362
"P0406",0.863174309161738,-0.89212052331152,-0.291039068923876
"P0407",-0.046582147918584,0.62085861820603,0.962325841187848
"P0408",-0.311862280215083,-1.16215748328702,1.01761597936477
"P0409",0.356272483441278,-1.72804465021479,0.464717354316028
"P0410",-0.540792857793996,-1.50302003983641,0.336118467522643
"P0411",-0.978946132036013,-2.51360482871655,-0.611116984145153
"P0412",-0.457591611950935,0.510539088035821,0.16269762082873
"P0413",-0.671847001387154,0.613814061408696,-0.861943405995399
"P0414",-0.115741731663903,1.01349793887954,-1.41137189365312
"P0415",2.64203473309515,-2.12072291609781,0.758203443916043
"P0416",0.248805926433799,1.17359986003948,1.82679917571455
"P0417",-0.613123906589933,-0.847497549562252,-0.213169422005821
"P0418",1.706015284873,-1.20868266431354,0.49457684247413
"P0419",-0.0326220730305504,-0.220444541847166,-0.833372639607096
"P0420",0.394347003919053,0.317452008767344,0.326474548722485
"P0421",0.139090402644334,0.281145537045695,1.0650375163484
"P0422",-0.724014811853126,1.69197847219837,-2.07719498753178
"P0423",-0.663079645513239,0.728387833939889,-0.4388031217791
"P0424",-0.677634401147237,1.31958702441249,0.607303112846934
"P0425",0.878709524986536,-0.184146738502709,0.573302077657616
"P0426",0.574502783235548,0.909759398746453,1.67188494401814
"P0427",0.199376718331956,0.167324729780699,1.03230469920633
"P0428",2.20480844873364,0.603027021664753,0.892557622543094
"P0429",-1.15985869559363,-0.627939663078506,-1.16630496718933
"P0430",0.460425865758811,-0.0928505419426989,-0.63774500125184
"P0431",-0.0817723202030973,0.375553506937219,-1.47244421196741
"P0432",-0.117732617429631,0.0366503192539817,-0.553114444455057
"P0433",-0.485453905243213,-0.684650190272207,-1.51100588524257
"P0434",0.888333731596417,-1.11283889904652,0.819575994876986
"P0435",0.139407491839389,0.686867424478879,0.301521203791849
"P0436",-0.826316472172703,1.31723147043494,-1.17259023343027
"P0437",-0.815672801583186,1.99437355024199,-1.28543767537513
"P0438",-0.00321003373968925,-0.0568347454025738,1.68410161802177
"P0439",-0.314869827681898,0.428460487716658,0.788921346017251
"P0440",-0.775603973884739,-0.161044579288071,0.159323951935731
"P0441",-0.168564081502975,-0.630755903701172,-0.190153376095943
"P0442",-0.0831622455101491,-0.123268968462143,0.277548308850268
"P0443",-1.26273587060008,0.862210822592651,0.973714107399765
"P0444",0.737354677603968,-0.819315655981559,-0.598075563247116
"P0445",0.964748248160174,1.51568240091166,0.430191153174075
"P0446",1.68805897684724,-0.774730507447153,1.87681679012376
"P0447",-0.557038793388786,-0.927879745619634,0.455663327802653
"P0448",-0.268601721696236,-0.848388341933109,1.01684129541077
"P0449",0.559364078210512,-1.93641039621681,0.600046481601845
"P0450",1.39941315864914,-0.66772130242901,0.293834794933784
"P0451",1.69190659628483,0.0892467761555309,1.28581770513497
"P0452",1.13760531395581,0.545125077347382,-0.204069549489291
"P0453",-0.881994284169037,1.11388471128385,-1.88368815449612
"P0454",0.655946242616139,-1.38934342613463,-0.0766205234911167
"P0455",1.28060543643776,-0.985877642437455,-0.321866119902177
"P0456",0.0903942294305942,0.422488110399003,0.471812750966503
"P0457",0.33283814063378,1.3399288968205,0.906841108699568
"P0458",-0.585035319765281,-0.542617071823624,0.785099224963376
"P0459",-0.135954633735414,-1.32580380540949,-1.19047706252473
"P0460",0.482346245851575,0.148622418554857,-0.953201796918545
"P0461",0.737712587724334,-1.87823045124147,1.04559468173734
"P0462",1.62111415870893,-1.35774377774391,0.889717491504841
"P0463",-1.81792973467273,0.966051683465977,-0.995007056431227
"P0464",-1.20350916595794,0.341664019890866,-0.589014438473664
"P0465",0.916629965351275,-0.830210270856823,-0.179029701319221
"P0466",1.42993943053449,0.200210824580064,-1.1587002304908
"P0467",-0.0204849337722787,-0.95764786195918,-1.12511087544138
"P0468",0.80367646993597,0.28059684849987,1.45626797308861
"P0469",0.805387363914457,-1.23740706480955,0.218979140842362
"P0470",0.580412150867143,0.647062733541384,0.307680159212245
"P0471",-0.0492786331315675,-1.81868469043551,0.392673603780425
"P0472",-0.406543430829093,0.0157046286900439,-0.17440715456921
"P0473",-0.335078411444752,0.546704866710436,-1.08818330519586
"P0474",-1.04503574907664,-0.457787546772372,0.0150728784688345
"P0475",-0.663428833596328,1.37920230547871,-0.663152816738232
"P0476",-1.04281443511266,1.15718242783777,1.06551011861839
"P0477",-0.238184605144478,-1.03041525592822,0.0360060684033441
"P0478",0.187480616308328,0.215597232340363,0.793632354621161
"P0479",0.0180580191003261,0.226170709477089,-1.1861500552963
"P0480",0.529098960454835,-0.0213196987201237,-0.863478956608435
"P0481",-0.996679145667119,0.400752547242081,0.638502838655319
"P0482",0.642198680064313,0.601534894479847,1.20785930208962
"P0483",-0.802593936108562,-0.268305099006562,-0.442117906031849
"P0484",-1.81030013274833,1.14782788278144,-1.83565968935297
"P0485",-0.6095409718295,1.19463274968209,-1.16916285627964
"P0486",-0.974712818849007,1.435055387157,0.769250857248673
"P0487",-1.05876267604551,-0.389275322359726,-1.15502829379432
"P0488",-1.27206790462019,0.335467847333613,1.4631129393303
"P0489",0.933925087694014,0.899567395995289,0.863660146881897
"P0490",0.799139470183713,0.200552910039218,0.451173323654013
"P0491",-0.39724730652203,-0.913879539155283,1.2951458697835
"P0492",0.86105486734962,1.3057314893278,1.46479084942983
"P0493",0.435818301242864,-0.568678426488703,0.964987748378156
"P0494",0.852918730975889,-0.395852720811452,0.307893164193691
"P0495",-0.555852955741355,-0.9537851911097,0.293874410743871
"P0496",0.916424806423216,0.78730804304991,-0.91693617234706
"P0497",-0.407171649808883,1.89422448846486,-1.02825990879716
"P0498",0.729857189243742,0.0743052813988623,0.531008292541063
"P0499",-0.751028535384134,-0.746080108635432,0.309124628332153
"P0500",-1.16096105025791,-1.55201489160192,0.0262382811974032
"P0501",-0.154268780574423,0.226936915594029,-0.295686978305935
"P0502",0.40821776645068,0.536406082437546,1.0385028214922
"P0503",-1.02689323263387,-0.118477239514724,-0.972129971547637
"P0504",-0.173536808647667,0.158050632110522,0.600828445533521
"P0505",-1.06947525451974,-1.20698247072177,-1.36081218393159
"P0506",-0.84923430468721,-1.35786742529502,0.499157796379635
"P0507",-0.0553509899070672,-1.46449960901627,0.332188427630151
"P0508",-1.72936736570816,-0.924979712147713,-0.824857484780883
"P0509",0.464485186389493,0.570704865596867,1.13376535858146
"P0510",-0.979486484406824,-1.88160816891275,-0.581041953764313
"P0511",0.660963907393768,-1.69727283212521,0.189297356279588
"P0512",-0.5042166206382,-0.394009554664443,-1.13598101204236
"P0513",-0.166810549684595,-0.54699593526178,0.879770420044684
"P0514",-0.40544005381722,0.39565319515412,-1.56188396415859
"P0515",-0.37167236179875,-0.500929708201331,-0.645909071961149
"P0516",-0.638821309454988,-1.89307362072016,-1.05928111373805
"P0517",0.760030692376179,-0.532402826688556,1.09661810300423
"P0518",-1.50868050307177,-0.705434045917106,-0.940413724428609
"P0519",-0.241123986626515,-0.757436995471491,0.147793941805882
"P0520",0.327063071091774,1.07190070882271,-0.747683333198463
"P0521",0.975184577772651,0.523200523150483,0.0791154709747256
"P0522",2.33100496687628,1.22286775264588,0.964351640400948
"P0523",0.241674677809549,0.784887889428686,-0.606372354522493
"P0524",-0.657336512864298,-2.14138488023195,0.232331710630379
"P0525",1.18835288061324,0.619764516607386,2.00646517582829
"P0526",0.0080175683512279,1.28093411662168,-0.807398739976883
"P0527",-0.837341380636362,0.997882488698434,-0.133535412816789
"P0528",0.62027506908779,-1.2208216061939,-0.279395625440725
"P0529",-0.187872117723005,-1.65118070309642,-0.252785078738152
"P0530",1.36988221872129,-1.84326000528884,0.834342190609464
"P0531",1.25996043913501,1.11001675250767,1.91842265913167
"P0532",-1.64984929765389,-0.73934510922202,-0.70927271713916
"P0533",-1.15869304413676,0.659104961452857,-1.24353439300417
"P0534",-1.96059635028498,-0.0725291981905439,-1.08646224024662
"P0535",0.206077143651123,0.1475424786,-1.44651426273503
"P0536",0.190205433468631,1.74444709852537,-0.936156183159547
"P0537",-0.439612113969358,1.37576246464632,1.57152177760006
"P0538",0.529414067358409,-0.532976388143401,0.0030538956446648
"P0539",1.04812191012394,-0.669815023710364,0.594657763872574
"P0540",0.143862278727639,-1.4752456717748,-1.09136593267762
"P0541",-1.89664134511965,0.667011626531313,0.919444884900101
"P0542",-1.97501872873259,0.599770544428573,-1.53718953745878
"P0543",-0.641403591868853,0.129718008353643,0.280837069748859
"P0544",-0.77094113770233,-0.182446588163842,-2.04551661795249
"P0545",-1.26389306069163,0.123281743305354,-0.426708940107604
"P0546",0.436994627103884,-0.818508970284264,1.86793075475728
"P0547",1.05231185287732,-0.697383537400117,0.458306565202685
"P0548",0.904657481636979,0.903305716516122,0.814345181056095
"P0549",0.559096573716429,1.79945644674212,0.879335044381916
"P0550",-1.14514892405146,-0.701643350933567,0.177017995892194
"P0551",1.94913036712735,-0.520031836678317,1.19583005070839
"P0552",0.84941325806116,1.51411115507953,0.22685642764861
"P0553",-0.532775886812758,1.98905073041639,-1.56061734224076
"P0554",0.880376253239007,-0.407062155658671,-0.526438971682964
"P0555",-1.09343426157972,-0.568727691351265,0.785334267512658
"P0556",-1.00725312196975,-0.736457066268144,-0.115684763651548
"P0557",-1.4116447106425,0.196580616927971,-1.37115894782603
"P0558",0.478083548623341,-0.259418751634068,0.382891297470769
"P0559",-0.48267618717262,-1.72644267546945,-0.496813642570887
"P0560",0.276547772931569,0.126233879394895,-0.618066193951317
"P0561",0.395580997557972,-1.32705852401871,-0.378016574141502
"P0562",-0.137200455297338,-0.687351865105727,-1.30594173841406
"P0563",0.820998332201942,0.271875614034148,0.769084239003528
"P0564",0.722874700245945,-0.0607163769865644,-1.52632481766746
"P0565",1.2788629477861,0.9492265889112,1.6504457118119
"P0566",1.22186634838673,-1.00638875382694,0.118914758143167
"P0567",-0.340183333437848,1.52669647579015,-1.14203425996241
"P0568",1.70358723046512,0.902283548641606,1.37325911404767
"P0569",0.288880033296355,-0.198963449676355,-1.07534703262529
"P0570",0.116668863677267,0.592919141251886,-1.02188936772109
"P0571",0.19693165193594,0.365877630976724,-0.73477409586677
"P0572",1.81242140466535,0.186202940359867,0.898015036795477
"P0573",-1.15361933046835,-0.114512074225676,0.637396020873857
"P0574",-0.371464780206122,-1.68789165941814,-0.849778102522604
"P0575",0.107785730064022,0.0120088799700879,-0.25525151042514
"P0576",-0.693129776220787,1.60177329848751,0.904383505232933
"P0577",0.773917044118498,0.397783347522149,-1.34440090330713
"P0578",-0.733342640924389,-1.76449344974759,0.432979029549921
"P0579",0.425034654681541,0.499717619954267,0.67611763330914
"P0580",1.32665049308647,-1.30460447928049,1.05134391281065
"P0581",-1.00072406983193,1.45965418498121,0.701476453711116
"P0582",0.152055532762794,-0.212792434542702,-1.32936281804806
"P0583",-0.18942955538866,0.63013990010474,-0.47660644914261
"P0584",1.13191808485513,1.13689348494357,0.0322520999715118
"P0585",1.29173548635711,-0.291871047993048,-0.597302429543655
"P0586",0.884675126712699,-0.78011876791708,0.32664303985943
"P0587",-1.45768878169763,0.0180640296818254,-0.594492331515441
"P0588",0.663406539292671,-0.608159220551885,1.13887399400459
"P0589",-0.916481219712224,1.41838683806256,-1.80662152277991
"P0590",-0.971496678855115,1.19909138694914,-1.21496401913057
"P0591",0.87762090551269,-1.80666962099539,-1.06092151116167
"P0592",0.410261939195512,0.264651633103954,1.17904565498358
"P0593",-1.25062852058614,0.163030313036852,-0.923806029011321
"P0594",0.274390709603938,1.16244228378489,1.58483823194768
"P0595",-0.231947946191202,0.89909884170575,1.81744091489114
"P0596",0.25324354267609,-1.94787634841662,0.433672531147036
"P0597",-2.22624801680319,1.00630208763588,-1.04705953598937
"P0598",-0.433501331060162,-1.02369014703978,-1.12237478838678
"P0599",0.443181852737751,-1.44099335552994,-0.490386101616746
"P0600",0.821146826444666,-1.1817175975635,0.335515919548215
"P0601",0.493017845956532,0.576554617361917,1.54541562114761
"P0602",1.04681206200589,-0.433828255056079,0.771336420540685
"P0603",1.51017737759537,2.2250995347227,1.35758370400412
"P0604",0.0924167481803005,0.553831238236319,-0.343240376212786
"P0605",1.96264455817744,-1.01000424580059,0.979198359923309
"P0606",-0.297524885970822,1.19298757082059,0.701506732256861
"P0607",-0.755717501626199,-0.906881589816967,-0.494018774305333
"P0608",-0.686797200932026,-1.19062605108314,-0.078424537173444
"P0609",-0.478774266335663,-1.59479042148426,0.199372136770254
"P0610",1.38242677692188,-0.970463388331597,0.526379223241452
"P0611",-0.613255923985407,-0.803846657274024,-0.397156956851091
"P0612",1.86669790314734,-1.62065247812155,0.858221812491034
"P0613",2.5396149528412,-0.659789823745221,0.144629439995696
"P0614",-1.66976978821481,0.403553166745981,-1.07306518713986
"P0615",0.395513401379516,0.0784170441990334,0.223724119142412
"P0616",0.442521169579008,1.79688874683399,1.15144821726576
"P0617",-1.76296201604801,0.37859533788165,-0.752371132116517
"P0618",-1.32703966756129,1.50499657043724,-1.77848394396158
"P0619",0.325640844135319,-0.95425035190957,0.621316400090275
"P0620",0.126433822170674,1.19312594542088,1.49950815089802
"P0621",0.686489689665783,0.774072870969685,-0.145796454287984
"P0622",-0.968083606924267,1.5833492913375,-0.817013885529682
"P0623",-0.585290048161207,0.747484405904358,-0.58621484205914
"P0624",1.24605660661851,0.753866002629408,0.0135527580599151
"P0625",-0.673989213309785,-1.4428891305197,-0.224412755313448
"P0626",-0.774991679172431,1.30357013394243,0.613036237552136
"P0627",-1.58530216319666,-0.00900548025381477,-0.609078089926969
"P0628",-0.54143841316378,0.642254431404996,0.730152615348153
"P0629",0.85712750033958,1.03262511257612,1.06990121445979
"P0630",1.34760778001991,0.426551822987258,1.08506387694284
"P0631",0.874352228035516,0.504628428182139,0.850118200172152
"P0632",0.863292503575837,0.878869043267792,0.884522492947888
"P0633",-1.0030264208352,0.883721128346844,-1.71436805775771
"P0634",-0.229452527363596,1.21008884048397,1.33140260651196
"P0635",-0.823203486761467,-1.40572889333775,-0.0326410019463088
"P0636",-0.526557476705061,-1.8661685953737,-0.377460567183441
"P0637",-1.42691189233105,1.63774014349076,-0.271516846152561
"P0638",0.149699414988991,-0.0315307414831158,0.629978735553993
"P0639",-0.732390321673663,-1.01030298421495,-0.887078738108684
"P0640",-0.370231239117775,0.541033287382677,-1.1438530298101
"P0641",0.74113102412017,1.0034307625955,-1.50269049263419
"P0642",-2.32125341383723,0.387230957297434,-1.74915239831515
"P0643",0.118155870508117,2.00235393366258,-1.36619778076496
"P0644",-0.315149006762667,0.962368186145701,1.84377877629868
"P0645",-0.406516522941053,1.15160423184196,-1.39663098526149
"P0646",-2.28418469659992,0.683422307168655,-1.01174762737721
"P0647",0.502691206487753,-0.32868907733282,0.177659803150947
"P0648",0.889362524480229,-0.561641993461441,1.74763308181446
"P0649",-1.44743942844984,-0.46743905911419,-0.770111680077525
"P0650",-1.99592611278354,0.648955390532183,-1.40493007250644
"P0651",-1.22345874562985,-0.0875672579718468,0.570532482835721
"P0652",0.808425810457438,-0.616901090286435,0.314255352107249
"P0653",-1.05527409767884,2.23048186125694,-1.8690956662399
"P0654",-0.737604795387785,-1.2212057126265,-0.520282732461668
"P0655",-1.41697810971468,1.60768684226509,-1.30617675218555
"P0656",-1.05731798945852,1.19009045837118,-1.0017755681027
"P0657",2.16067669886429,-2.5428431644355,-0.0595826824056711
"P0658",-0.730232256893225,1.42951013710508,-1.3893661754766
"P0659",-1.62739993361505,0.426664090454167,-0.775426334716568
"P0660",-0.372541224509567,-1.00082270980113,0.55005066685263
"P0661",-1.2410503079542,0.258366292946039,-0.590607253043569
"P0662",1.70454763847132,1.23657577208311,1.07645477365611
"P0663",0.758571797664903,0.77566965956698,1.96246876554944
"P0664",-0.371538831740961,1.85079772988053,1.42653714920156
"P0665",-0.40228205444499,1.07107046745102,-0.910514262291437
"P0666",-0.0890705990748199,-2.4271687345584,0.61347273482295
"P0667",-0.442859247261243,-0.25284415554989,-0.359265959670644
"P0668",0.320959756448612,0.344985628362392,-0.693390968191888
"P0669",-1.45761584612265,0.831217156952889,-1.14384925797112
"P0670",-1.63864004510633,0.65380937445305,-1.60608518706405
"P0671",1.44756436081661,-0.174202023407381,-0.629259286955192
"P0672",2.45290837796274,0.90400208225632,1.05110345376622
"P0673",-0.988869308287944,-0.081925978080553,-0.419259295785861
"P0674",-0.197869858400589,-1.46435863689999,1.00431971053083
"P0675",-0.188981396150138,0.608327825649151,0.672128330514389
"P0676",0.450832196214542,-0.991917754093839,0.589416265343916
"P0677",-0.631254303247849,-0.800840607245253,0.287693354015044
"P0678",0.185077790561909,-0.298974597452727,-1.26304267235446
"P0679",-0.103105435011417,1.25678426738517,-0.822498598055563
"P0680",0.168799859252192,-0.0959544898384149,0.87664018226329
"P0681",-1.2055346699632,-0.30111004534186,1.09987338296409
"P0682",-0.0710447647475395,1.33178167975712,0.858133776438182
"P0683",0.356074875744107,0.233996455406725,-0.569033070227686
"P0684",1.19911095388804,0.830784625093204,1.57481093338739
"P0685",0.174054811486189,0.947068122907162,0.864158011585579
"P0686",-1.73114292041567,-0.925561339972159,-0.291007541486988
"P0687",1.49891438666199,-0.650786214376054,0.362858049830215
"P0688",-0.27302127764361,0.412138602529339,-0.37437839843382
"P0689",1.82616012738737,-0.234874352637427,-0.107184484047428
"P0690",-1.09214395522077,-1.59899906748714,-1.3585227812014
"P0691",-1.38658369691028,1.60738317530098,-1.75944548090601
"P0692",0.0332444993828326,-0.570301470433731,0.680695673834575
"P0693",-1.54477687001003,-0.00759474396757315,-1.53428526557964
"P0694",-1.12599430951432,-1.26862804099659,-0.4059665145406
"P0695",-1.46357654407019,-0.513789165319884,-0.67264804743769
"P0696",-0.446376789592289,-0.421258235290228,-1.49537048072525
"P0697",0.297837559660838,-1.74170774261984,1.29072523518783
"P0698",1.02424547439067,-0.348038685583774,0.821634518361211
"P0699",-0.642513331565002,1.01240843761388,-0.688236409541635
"P0700",-0.467456436784611,-0.939043357787965,0.614384885372718
"P0701",1.64145179402069,1.80245734419867,1.8908424446314
"P0702",-0.198953773946352,-0.035994474012721,0.768795241917853
"P0703",0.291502113493139,-0.147120755234984,-0.60815811022741
"P0704",1.64415793449121,0.27427031349643,-1.24755994028253
"P0705",0.14957029265803,-0.429188812623032,-1.09442375658687
"P0706",1.11279984319407,-1.6390001590254,0.772673119772875
"P0707",1.19647395809155,-0.314254617312483,0.867663968018874
"P0708",1.74787345999708,-1.30612091568685,-0.150115042558716
"P0709",-1.59496097181205,0.452374718304763,0.254231389148344
"P0710",-0.955971594589343,0.516423600336628,-0.61938959820105
"P0711",1.06338367844106,-0.123368746437206,0.559513139391283
"P0712",-0.328151526148606,0.224700644893916,-0.455625481193611
"P0713",0.569465755341099,-1.09938466778443,0.232173504155588
"P0714",0.919290348930196,1.23155112531907,0.805278204228262
"P0715",-0.805142695013266,-0.299976704543461,-1.25459404228136
"P0716",0.0168056963366888,-1.36795825153738,1.23212687213864
"P0717",1.16266136592303,0.122136881085054,-0.924145125034254
"P0718",1.2743436705478,0.218557229075774,1.46842772266332
"P0719",0.0711952729994664,-2.077442083776,-0.082020906409626
"P0720",0.0305837864930048,-1.16282451247937,-0.487528531908861
"P0721",-0.670333379798165,0.93101175926996,-1.26771303530948
"P0722",0.755022757524911,-0.101990248478856,1.06308638613397
"P0723",-0.554082895329767,0.647141757545635,-0.372812157549823
"P0724",0.00926692449177581,-0.0515251527582341,1.2889898728035
"P0725",-0.989781379046433,-2.26845341693083,-0.884670942649415
"P0726",-0.511776821543768,0.792004374641173,-0.257896378187362
"P0727",-2.0738290490978,1.00987094980252,-1.4047224513824
"P0728",2.12648299193864,1.18129487110056,1.96262894877586
"P0729",0.523417916200783,0.00485873832024694,0.493729996904965
"P0730",2.16291796589482,1.16104537773286,1.46599791764446
"P0731",1.38105077159378,-0.541846089210885,-0.0498156931000596
"P0732",0.794840160335983,0.0853553669248085,-0.0478816383239645
"P0733",-1.05660449478602,-0.776138919287621,-0.472638551201452
"P0734",-0.909356720296992,-0.65424283705754,-0.414726734247842
"P0735",-0.111372079742112,-1.18053995140953,-0.747110422064026
"P0736",-1.57466187624203,0.392865698360538,-1.75296300688353
"P0737",-1.75282698917628,0.196315086875481,-0.548487137405617
"P0738",1.66648218562214,-0.21411285554184,1.52417499293279
"P0739",0.532235436637467,2.33361981883944,2.08360438791051
"P0740",-1.41753452832885,-0.817887634503073,-0.859624230627078
"P0741",0.132462958626474,0.726395650638014,0.788933562381731
"P0742",0.75082533466825,2.4669023165184,1.27226358246337
"P0743",-0.047201067984905,-0.590241793318583,-0.0843889623014468
"P0744",-1.53061162529189,1.94399623675582,-2.07115239982415
"P0745",1.328822175738,0.06755789208329,0.666571166064424
"P0746",1.12984055548142,-0.344645768903349,-0.753095507035999
"P0747",-0.91742605289208,1.62768072118582,-1.41087511235582
"P0748",1.40855782446846,-1.5914407895501,0.451183163676445
"P0749",0.331915245723788,0.939960010831677,-0.924900842201761
"P0750",-0.456277983800644,-1.85390434412281,-0.178868765067505
"P0751",-0.239386402368402,-0.190662236376764,-1.22611661666731
"P0752",-0.984673495658894,0.101247320882415,-1.08099502085946
"P0753",0.994602480331273,0.536541287690367,0.728234601888911
"P0754",0.701851949784278,-1.1500290276352,-0.265074768372713
"P0755",0.403702876268099,0.927773310918325,-1.21606286179633
"P0756",-0.737743395872843,-0.363432829050618,-0.697918527804017
"P0757",-0.471461388115182,-1.10029535054231,0.722273054747505
"P0758",-0.21353369468777,0.310538942610988,-1.35568698026853
"P0759",0.478750555720766,0.58190851878308,-0.780007201288867
"P0760",0.306908898211077,-0.0170567848438319,1.0492127986151
"P0761",-0.654531698332875,-0.284436693538431,-1.57589435478478
"P0762",0.380220847261404,0.0940416543349905,0.13860781253847
"P0763",-0.89636896953928,-0.0798119701683192,0.0048924593847696
"P0764",-0.318872067647987,-0.0548552669392762,0.150211133336858
"P0765",-0.969021838098747,-0.0489563446554834,-0.856924847512602
"P0766",0.690675756172538,-1.02058362809947,-0.957470548527877
"P0767",0.119268879078816,0.720662978572391,0.0575710985919281
"P0768",0.808445008290793,0.0436500475747798,0.611452389276348
"P0769",0.0881318711045161,1.43672138328049,-1.00202897657298
"P0770",-2.53791752723347,-0.0821067321480475,-1.37670796694717
"P0771",-0.264627899889594,1.05715987686024,1.49567296260018
"P0772",0.354771697238295,-1.73658069104781,-1.22797321106913
"P0773",0.201873648749059,0.259265481223455,0.128354610027761
"P0774",-0.102069476420267,-0.563018713298678,-1.24904175223553
"P0775",-0.841393500129927,-0.663693693753361,0.614520560793221
"P0776",-0.656687111417139,-1.03496122914311,-0.326352788975251
"P0777",-0.74211256222241,-0.704801782888278,-0.510243654214282
"P0778",-0.389398073264154,0.396905885854759,-0.604203302013447
"P0779",-1.39768168751678,-0.37807416697702,-1.32162777115919
"P0780",-0.465080744803931,0.570586395838422,-0.701783778017202
"P0781",1.81587868541591,-0.655861617058184,1.32772121970247
"P0782",0.175112222396523,-1.5966479804391,0.181649269540296
"P0783",0.681681999148155,-0.00122303042078785,0.123228329348723
"P0784",-0.214875593192262,-1.05625220919794,-0.186942884320649
"P0785",0.757092411005182,0.442601964348754,2.05542989531738
"P0786",-0.970296497243612,0.124611443663569,-1.49712516142917
"P0787",-1.94474786257084,1.86403446910504,-1.79338543680785
"P0788",-1.37483546328307,-1.09462061616378,-1.58520234455945
"P0789",0.649501393989843,-1.4327795035202,0.558793394741364
"P0790",0.662087811469901,-0.276643996093042,0.476268443012968
"P0791",-0.438547283035498,-1.19653335237121,0.45415314959444
"P0792",0.58397490050411,0.610707526438401,1.18698703279421
"P0793",-0.545854411116643,-0.703524630984277,-0.600329510685243
"P0794",0.694503722415801,0.98902834876896,1.91113060696846
"P0795",-0.499363202280794,-0.18775179724389,-0.704476957504064
"P0796",-0.303852287424784,-1.31006068821419,-0.27177516373417
"P0797",-0.409715228175102,2.47070621423412,-1.9104477785265
"P0798",-0.455335086573714,0.192032001916963,-0.775286383995253
"P0799",-1.32298159449053,1.04475009156474,-1.85539880490301
"P0800",-0.224885436231368,0.43156152289119,-1.20375083506077
"P0801",0.253950762413583,1.02221071641954,-1.19454929170226
"P0802",-1.54769693155769,-0.755757791898808,0.208140307849322
"P0803",-0.399821365038737,-1.75116089957615,0.177600153074634
"P0804",0.102802036485975,-0.316942946137493,0.415096104540144
"P0805",0.55322346487864,-0.655976713787938,0.302513365520457
"P0806",1.36210997239752,1.07690476252828,1.40758733782521
"P0807",-0.057534234710213,-0.918976863202743,1.76230147853792
"P0808",0.208231795498364,0.559899385615353,1.14586424568632
"P0809",-0.408872089383954,1.04762252371486,1.50419996459261
"P0810",0.202400978305858,1.5930243259578,2.49738791891626
"P0811",1.4508531531971,0.214828298703649,-0.221069451065858
"P0812",-0.0277196419533724,1.4869114225818,-1.07835804136465
"P0813",0.221136290875934,0.796020864448007,1.75815008154858
"P0814",-0.223300280867734,1.09797731608756,-0.800478676119867
"P0815",-0.212752894521056,0.307722328163372,-0.271636996209453
"P0816",-1.00549003793133,0.0595023771300265,1.26971956107508
"P0817",1.15954059686328,0.925148663070145,1.84848953239681
"P0818",1.29135254330079,1.10690248137618,1.46487750665844
"P0819",0.744567650182965,-0.493190627812545,0.923662553775081
"P0820",0.0203379338778244,-0.426930632896748,0.521860624228845
"P0821",0.597774784258223,-0.24576701035,0.708864006209822
"P0822",-0.678598943745101,-0.391887650412099,-0.35130709569837
"P0823",-0.338793992284818,0.622079812270322,0.576824369488958
"P0824",-0.581692173486089,1.28118431850881,0.543617010712732
"P0825",-0.753223294879628,-0.507896694183615,0.131971117685298
"P0826",-0.874941742368984,0.422336455715551,-0.805889804665431
"P0827",1.96474761728106,0.156835107667937,0.965931306255931
"P0828",0.803438955755901,-0.5811641218908,-0.72867821066645
"P0829",0.779333365733029,0.134940769499837,0.675331191000237
"P0830",1.16097118258648,-0.240950891539705,0.078690615668655
"P0831",-0.426022235798469,-0.339128385094363,-0.215281621382058
"P0832",1.1955605957573,0.443216031750349,0.491979597553159
"P0833",0.116816085901055,-0.188077968946796,1.03417696469657
"P0834",-0.720101645163783,0.342832041488887,-0.173035518550135
"P0835",1.71367195654242,2.08688848830242,1.80725153090886
"P0836",-0.530096647455087,-1.81979731914651,-0.739952832112313
"P0837",0.593058667424794,0.239802002579477,-0.287159548154405
"P0838",0.032806994180961,1.13268644139792,1.71894917025551
"P0839",0.370658148283184,-1.30724991057207,-0.70373571927147
"P0840",-1.4683554317416,0.279795374044742,-0.89202894116017
"P0841",-0.379885270673355,0.262671488314298,1.42859333823478
"P0842",0.0409563698928511,0.728822409061253,1.29288519749
"P0843",-0.641872629833399,1.39249097115475,-1.57712597961309
"P0844",0.0640633423590854,-2.33596549343003,-0.241516340714789
"P0845",-0.931481923749161,0.964675067761412,0.6258086301703
"P0846",0.638066452408821,1.29516008437854,1.09015297081924
"P0847",-1.37336349092296,-1.81534644543947,-0.223670304434483
"P0848",-1.5625083561033,0.431303469844638,-2.07623785166576
"P0849",-0.996537609775201,0.998625569607234,-0.829858815578592
"P0850",-0.463068267865301,1.12796633500735,-1.38457355007002
"P0851",-1.58514276770273,0.376369387585449,-1.06745246492699
"P0852",-1.00059001325005,-1.16403321151785,-1.10109391648857
"P0853",-1.22506155278026,0.863142662970336,-1.07725078375036
"P0854",0.287080858136629,0.334430516517019,1.20923760797366
"P0855",-1.20584748099045,-0.121697320190723,-1.69432658238331
"P0856",-0.128255570866445,0.486559442889039,-0.126742922615378
"P0857",-1.11093522703975,-1.70586508606425,0.420519481639463
"P0858",-0.132116619983167,0.96647059119239,1.13675585771655
"P0859",-0.00746803027291385,1.01406033818019,0.531785562367063
"P0860",0.341640946580813,0.8817522955212,-0.372476327232793
"P0861",0.32259071904419,0.944031099425286,-0.600892996389586
"P0862",1.63513385356217,0.944830310387336,1.37368785027694
"P0863",-0.837631146419723,0.454303836396645,-0.954321014601612
"P0864",0.944073965440635,-0.260108590677473,1.5855522723804
"P0865",-1.37728480877029,0.516129593247774,-0.831159016140813
"P0866",-1.1265652143051,0.54684715756889,-0.958367915790862
"P0867",0.142486389623553,-0.596878821081178,-0.454374195958844
"P0868",-0.012243122334278,0.26792949364055,-0.148575944497642
"P0869",0.192099209720591,1.00307218782002,-0.532064794830736
"P0870",1.13617555891965,-2.01879637666554,0.373419656389486
"P0871",0.0923139578943299,-0.615829318415766,1.14564984150246
"P0872",-0.22603497431063,-0.260034808355381,-0.707980229834204
"P0873",-0.593448029037295,0.86627573043166,-1.36450557205199
"P0874",-1.34290707405186,-0.150139021611834,0.366628235702691
"P0875",-0.333594232458132,0.976504404670049,0.727491433158878
"P0876",-1.31928365812477,-1.43567668749585,-0.67415240610502
"P0877",-0.792352168029033,0.0430361124442728,-0.194666769825366
"P0878",-0.871230801265474,1.25514391025599,-0.828556963003076
"P0879",0.162951496516775,-2.22450473050599,0.519678386501741
"P0880",-0.378828030273175,-0.0301285033164244,0.996939848574503
"P0881",0.852223833850548,1.37929794217029,0.173867019495089
"P0882",-2.05403683443087,-0.1883354826678,0.761838213223139
"P0883",-0.0931926377032355,-0.668924462930836,1.02448093285937
"P0884",1.40822192910479,0.458958598126997,1.37853622012969
"P0885",2.11215188485206,-0.450061282744516,0.951311748363462
"P0886",-0.131226673209637,1.73458593234552,-0.529901112356172
"P0887",-0.0605898905717966,0.0978109293519745,-0.229614621539973
"P0888",-0.583353144172827,-2.26068902198379,-0.229268063828902
"P0889",0.866677291991355,-1.92780704498798,0.661022531367778
"P0890",0.524717098486792,0.445898780307272,0.155128659961103
"P0891",0.00562618612139952,1.41026039467257,-1.45804536607622
"P0892",0.297098991414825,0.660819156024909,0.424730175323737
"P0893",-1.77972809720377,-0.372776509355371,-1.58706249495336
"P0894",0.926930234229279,0.891786556250306,1.41621674842322
"P0895",-0.51882599541644,-0.106628949354525,-0.389070741770565
"P0896",-1.04232287200045,0.376972582996786,-0.577911149847912
"P0897",0.97445281125397,1.24772344383004,1.44545131850963
"P0898",1.59366848096472,-0.686574144808068,0.588087130640541
"P0899",-0.728549198749485,1.66189198378344,-1.50888079316923
"P0900",-1.03406664393275,-0.321076446885413,-0.0962638528549256
"P0901",1.54315912756394,-0.507806422816418,0.959815955018582
"P0902",0.72161986518437,0.522758139644518,0.467501049448549
"P0903",-1.74819041890532,0.667232437238139,-1.34413735831686
"P0904",-0.461878041845112,-2.32813756674087,1.16305035631062
"P0905",0.482216921805976,-0.773759508895404,-0.27442270259037
"P0906",-0.0126941677900205,-0.379054336641388,1.69529654954314
"P0907",-0.800647451101474,0.518613578562698,-0.310416360666155
"P0908",-0.877264080751126,1.10574578503965,-1.56231395527773
"P0909",0.00722099638167093,0.152846375581194,-0.107102962564672
"P0910",0.699411861346641,-0.298402474247411,0.408640899837246
"P0911",-0.270851745368726,-0.548112135583746,-0.989539925152803
"P0912",-0.589609695443971,-0.534742838156499,-1.20014880128964
"P0913",0.8841076718861,0.704348724350047,1.00326741279637
"P0914",0.273696263423501,-0.573105290553459,-0.715866321538096
"P0915",2.58181935703042,-1.1144543623537,0.208030281153356
"P0916",0.358315284894909,-1.16862060215664,1.16722903876409
"P0917",1.09193689284647,-0.965748384629031,0.654448339328814
"P0918",0.830267741503327,1.89420527053901,1.28454285647216
"P0919",-1.12104183693344,-1.50874203386911,0.578694456676615
"P0920",2.28495326146008,-2.29897065901471,0.0793586086000808
"P0921",0.445388764001011,-0.656741511545174,-0.0780263028370153
"P0922",0.997800025391232,-0.689619046827569,-0.226073210868189
"P0923",-0.768534906733151,1.27654403884369,-1.38455497661822
"P0924",0.214539670096317,1.11901015353482,0.748375180472362
"P0925",-0.755478237674852,0.0444717900147678,-1.37855902965242
"P0926",0.8097132058249,-0.346887641154997,1.17854738085564
"P0927",0.723676019621855,-1.19752453390061,0.329223821394226
"P0928",-0.711862909829166,0.40705062007181,-0.460433521339737
"P0929",1.49017319926956,-1.13044455051919,0.548688895177115
"P0930",-0.438687131798963,0.412532587940841,0.679475796270675
"P0931",0.702798825666731,0.98623098411532,0.744288382169285
"P0932",1.23161836361175,-1.38466997560947,0.0549593745188737
"P0933",-1.22826811908203,1.25644290230343,-1.00022247041001
"P0934",0.185047126397351,-1.21527256822831,0.782162797059514
"P0935",-0.00576486747475832,-0.771559428355612,-0.960409014620063
"P0936",-1.85571718227965,0.71465900607412,-1.39830073444186
"P0937",-1.68854912261367,0.687130672158031,-1.4656707493885
"P0938",0.618892219427761,0.329336610096295,-0.477745609084259
"P0939",1.07894959679367,-0.708698577932073,0.216099872104738
"P0940",-0.217239668818628,0.766550333008013,0.649184553871596
"P0941",-1.53567689121123,1.30688920228911,-1.53543743365899
"P0942",-0.0339716679089695,1.15750172823167,-0.917042299024518
"P0943",1.41776370925984,0.468412859522701,0.609085034065711
"P0944",-0.670172197964903,-0.132440850384544,-1.45999500270741
"P0945",-0.290983992607416,-0.347803330842622,-0.452674392280122
"P0946",0.915585768491433,-0.195057506992798,0.934717500714888
"P0947",1.79060022236964,0.983640266393388,1.7156138306368
"P0948",-0.203483692025552,-0.1540867016136,-1.33791973717081
"P0949",0.224467307291073,1.29881732650212,-1.58800278394899
"P0950",-2.19027093903345,2.45446881167385,-1.42696782187325
"P0951",-0.61309271786462,-0.395293210990239,-0.565100645039744
"P0952",-0.282266182591341,-1.92490345220174,0.413290920631974
"P0953",-0.941310834462647,-1.09679027404644,-0.884920654712676
"P0954",-0.433669848644269,-1.67307050496379,-0.998510352016373
"P0955",-2.31754050392576,0.237428740225168,0.0367660275350384
"P0956",-0.472911989496907,-1.0826686269362,-0.790462488992309
"P0957",-0.437345717534305,-0.660867472507873,0.388157541605974
"P0958",0.252180909675594,-0.0891497475694379,1.14419593024158
"P0959",-0.119684631664536,-1.03270620056416,-0.965650734997384
"P0960",1.86636952423871,0.909804290296307,1.8202496171152
"P0961",0.233099404468005,1.21751862728773,-1.28484060928234
"P0962",-1.22390274589636,-1.92761220868367,-0.790767955980757
"P0963",-0.147191210226007,-1.45495569800361,0.363361110072772
"P0964",-2.01754452094351,1.87434711025483,-1.3818519789417
"P0965",1.49356022449671,1.35172567870053,1.20394757870965
"P0966",-0.984320890400916,-0.890029636390406,0.836297753569014
"P0967",-1.78650703227528,-0.473010344641912,-1.33052002112012
"P0968",0.264507096888328,0.654353685789852,0.804761286662957
"P0969",1.80621731853172,-0.246606063501099,1.21802509973902
"P0970",-0.885169789796383,0.641262351391697,-1.38621367576931
"P0971",-0.388369243461619,1.73591932344415,-1.17266483283584
"P0972",1.67118259742296,-0.937535614697792,0.367443093215741
"P0973",-1.27080649350099,-0.33889055555905,-1.02044754246353
"P0974",-1.16095626272607,0.270018605118291,-1.27253498461465
"P0975",2.19198442025786,0.902356529488265,1.75890240289271
"P0976",-0.181291470170438,2.09185650961958,1.19590793721199
"P0977",-0.343384361885778,0.375351577604427,1.0868869057568
"P0978",-0.123900382957399,2.22677176805877,1.0328497889074
"P0979",0.553464920797531,0.83495163246515,1.20620363539307
"P0980",-0.705337030970612,-0.167782001014715,1.14665186438544
"P0981",-0.694928825260319,-1.20970009303782,-0.254643278611181
"P0982",-0.999255244076385,-0.598536445020492,-0.181240867158688
"P0983",2.42645811486552,-1.11966433597005,0.181342074147828
"P0984",-0.678029980096793,-0.63431010334384,-0.840699972510817
"P0985",-0.363671105744823,-0.60639484689083,-0.81930364343821
"P0986",-0.309083095997178,2.29110254627938,-1.24635423294351
"P0987",0.375706343222662,-1.13859852833839,-0.729467619267021
"P0988",-0.637718640105092,-0.36088698322609,-0.215595344753376
"P0989",-0.49692512233149,2.22164895231336,1.02010716194737
"P0990",1.46927743274551,-1.4263893023752,0.899441706245419
"P0991",0.066106887776572,-0.661778295024826,0.0260628033232688
"P0992",-1.49247516517702,-0.327882632977056,-1.3447513968553
"P0993",0.285204877569534,0.993237667588279,-0.118418365599329
"P0994",0.520343501078583,-0.209321372060484,0.0112994552418308
"P0995",0.0472502009311228,1.05764513069524,0.674010706213215
"P0996",0.548131233693048,-0.106305745345129,0.886921257800213
"P0997",-0.289371927855607,0.58002839170795,-0.0985436799287119
"P0998",-0.15944455475484,-1.05051056515482,-1.2558153334662
"P0999",-0.144584478514066,0.268196907083041,0.463589676109179
"P1000",-0.13073859193532,0.671392393666143,0.989088585713966
"P1001",1.17083449213664,0.296568722738523,0.686679034284523
"P1002",0.773736324378306,0.32206637685699,0.615969139753136
"P1003",-0.0293774052819776,0.923642551105679,1.64275664243673
"P1004",0.343865570377539,-0.859221890723807,0.973578528380151
"P1005",-0.19812823927139,0.403703501372861,0.78561118821598
"P1006",-0.445254291258345,0.260350499455612,-0.68788700084162
"P1007",-0.99642820727352,1.12147835059471,-0.304614444927877
"P1008",-0.757200159455717,0.296123270539345,-0.4057738210401
"P1009",0.252023099142062,0.141058899799164,1.09252542837528
"P1010",1.92921180131434,-2.23305458436406,-0.186886800638649
"P1011",1.44861032432233,-0.0890317630396942,1.17721494642974
"P1012",0.0520887266633061,0.522597384317456,-1.53137772205453
"P1013",-0.121102828883654,0.0113572065070252,0.688427367706789
"P1014",0.454760925481918,-1.01980418428033,-0.816025563569289
"P1015",0.691050760423241,0.0801524174262879,-0.819099995133113
"P1016",1.16843414875725,0.330459151300463,1.37689909977307
"P1017",-0.783785930990881,-1.32981747888804,-0.995491634716778
"P1018",-1.36988974941037,-0.771011660835664,-0.274804963981134
"P1019",0.262441893648913,1.17156264788998,1.4973083481367
"P1020",-2.46718493331715,0.445864017276632,-1.04340000132081
"P1021",2.45825298742318,-1.26001065724285,0.774541808655624
"P1022",-0.37840028678587,0.140703727463173,1.10500487851362
"P1023",2.24543689221726,-2.07339393192306,0.79101559256738
"P1024",0.94695258728169,-1.01025005256434,1.39005809029589
"P1025",0.558628232082803,-0.00043166196727135,-0.607382464175618
"P1026",0.898524447509977,-0.885775318219714,0.574694887610073
"P1027",0.109240529512434,-1.54494842020179,0.120209559955744
"P1028",-0.254967767585217,-0.518652966161078,-0.743231621805394
"P1029",0.144644986538991,1.37511064941987,1.32854804512196
"P1030",-1.70884657161996,-0.103716068661296,0.144274036639899
"P1031",-0.456389061690665,-0.216409502704059,-0.668378359473252
"P1032",0.438142508846637,-0.19583923009275,-0.112590774549127
"P1033",0.464290777661803,-0.727052540844128,0.987069053634418
"P1034",-0.669303848652747,0.299256568967976,0.988850556817568
"P1035",0.440680481243478,1.19912406964712,1.04070124956111
"P1036",1.25878340268774,-0.577278980813079,1.17879949073584
"P1037",-1.33742886499205,-0.0536100588533111,-0.997518951126903
"P1038",-0.650203863830476,0.683323783459292,-0.210685076888954
"P1039",-0.367828867022874,-1.30840082971282,0.27266435676109
"P1040",0.465925661145544,0.289987982938926,1.79472412533967
"P1041",-0.560247510875638,1.29359204197991,-1.79981968547389
"P1042",1.1039530706915,1.71695746914792,1.27395582808176
"P1043",-0.562375045919424,0.0128622221100368,0.58060081989321
"P1044",-1.13623696098005,-0.268280891639546,-1.32261821988825
"P1045",-1.14947417797606,-1.10604666977867,-0.803289335780941
"P1046",-1.04586815544324,0.323722586652246,-1.58252900003715
"P1047",0.902345414180332,-0.161134236953964,1.5478757701464
"P1048",1.63331889944521,0.730967575198382,0.00664852684678453
"P1049",-0.85576558401006,1.89706226436159,-1.82563675117776
"P1050",0.970978215079034,-0.12601961973787,0.585064578849421
"P1051",-0.177639325973275,-2.02041639183942,0.065038478236132
"P1052",-0.336942812110875,0.185639167201783,-0.243536894228259
"P1053",-1.28727010189561,1.60484085787617,-0.758596865199632
"P1054",0.7155736390193,-0.0985027942021395,-0.280547206140584
"P1055",-0.64703755901185,2.30633865169458,-1.80098646819395
"P1056",-0.575969035609725,-0.097815828212534,0.488620178446875
"P1057",1.37543172686602,-1.48260359737029,-0.651956624012999
"P1058",-0.935484113670091,-0.748437479459515,-0.301920393702947
"P1059",2.20306758947293,0.534212232443247,2.00657484432509
"P1060",0.528581703931939,0.477909753241631,0.628932712731355
"P1061",0.0187872289331801,-0.447301426885799,1.40374981391593
"P1062",0.685341061455301,-0.167407366503967,0.00503756335616824
"P1063",-0.403525062274691,-0.282879921881007,0.927156044281114
"P1064",-1.24549428228193,1.23200887361737,-1.43835629247798
"P1065",0.572889755126563,0.174695041789968,-0.0738983081431473
"P1066",-2.53393692906274,-1.35333512045844,0.596848099685286
"P1067",-0.226538876105641,-1.23082805468279,-0.78273109042791
"P1068",1.45416152898296,0.19649651732507,-0.481247041931344
"P1069",1.824059886643,0.236198800861336,0.957417016841722
"P1070",-1.09390175395962,0.881958486605221,-1.06272015664298
"P1071",-0.108646697127127,0.88190586062229,1.67636756167364
"P1072",1.02969435014518,1.08428776157994,-0.990178364592833
"P1073",0.814615248700418,-1.51245607683044,-0.603134652862901
"P1074",2.39072993532551,-0.10487238377205,1.50813177212743
"P1075",-0.122597834426305,0.627154137086224,-0.806087545169301
"P1076",0.95385708845764,-1.03560590178527,0.83459957083201
"P1077",-1.92931301302177,1.51563768462461,-1.02596727640215
"P1078",1.50086691299121,0.039520333476564,2.08719227645999
"P1079",0.7747060665972,-0.696483200276875,-0.295323513996391
"P1080",-0.894769137098544,1.44136353152934,-1.35899545274093
"P1081",-0.723114302910532,0.362132243099636,-1.45564629070108
"P1082",1.09125831321097,-0.596060763644346,0.85508371597084
"P1083",1.12719519722732,-1.18519322920113,0.407514444895496
"P1084",-0.742600414835814,-0.0771904473258401,-0.252611370200208
"P1085",0.0536915626673266,1.078276032662,0.593025428281806
"P1086",-1.89512926142189,0.459485292684836,-0.526153822742775
"P1087",0.751700496341436,-2.29578441075004,-0.777684499724486
"P1088",1.11713628178503,0.66381153357655,1.84435209195685
"P1089",-1.17565545183922,-1.38062681367644,-0.309815220887294
"P1090",-0.335210613110685,0.601522922179655,-1.62164121184406
"P1091",0.168079425720844,0.00639500732955216,-0.835944015500342
"P1092",0.432755703703222,-0.589779884180391,1.19276734504132
"P1093",0.0216062597043415,-1.74909534730135,-0.82911123167976
"P1094",-2.37165302630394,1.49312246748207,0.131747085637141
"P1095",0.624473610981374,-0.309499304561005,0.687328369913218
"P1096",1.08167183144822,0.221177692532158,1.81793475345748
"P1097",1.56501749910799,1.04126715185657,1.35832165718485
"P1098",-1.69002947247596,-1.05727836022134,-0.634826365487952
"P1099",0.0225259147772107,0.175840304327244,0.106582077738465
"P1100",0.432684493579114,0.427002119317778,1.57472840767673
"P1101",-0.96413459060164,0.666030214787317,-1.56129716995432
"P1102",-1.27608809333406,-0.505698503134485,-1.61786122588951
"P1103",0.106607636491994,-1.05114734423922,0.491148445696617
"P1104",1.03849242831031,-0.667249175111655,-0.6065495832614
"P1105",-0.155892092199711,-0.515926350310419,-0.4707676305028
"P1106",0.237049457489987,0.300154220560321,-0.764278810147357
"P1107",-1.49337171799427,-0.758320418097608,-0.751362366675599
"P1108",-0.564925629770732,-0.48046670048804,-0.943598872699965
"P1109",-0.97131890699287,-0.316352180667989,-1.15926663324676
"P1110",0.192345628859502,-0.591360234829281,0.559292551641683
"P1111",1.45421093456637,-0.624631929108019,1.26810038016406
"P1112",1.42110643736405,0.242199642060917,1.56176884778011
"P1113",0.304631772351763,0.67066138907273,-1.2463708528356
"P1114",0.406256599860862,0.395899202945252,0.0816161200489084
"P1115",0.252755028880805,-0.314046553853583,0.838975995361217
"P1116",-0.312523073666318,-0.118741896995137,0.530519977391059
"P1117",1.57125708077957,-0.56036314512264,1.22574701581756
"P1118",-1.32906605122953,-1.01792133904888,0.086883085142108
"P1119",-0.300085900632308,0.0164404911985311,-0.2798691068688
"P1120",-0.393331006576475,-0.357637212250949,-0.927642445216179
"P1121",-0.332257963515742,-0.821018847312206,-1.42521877274086
"P1122",0.577813936533572,0.506720399333873,-1.58814293644355
"P1123",-1.85010625040863,0.794095119584902,-0.853085279935056
"P1124",-1.51785497015789,0.843547346953304,-1.91276817316348
"P1125",0.633665225813065,0.773863637681324,0.0226147833044657
"P1126",-0.490882259189381,0.24830522035617,-0.81430973155949
"P1127",-0.144951929622824,-0.622308646815104,0.535800642583621
"P1128",1.34577602521659,-0.831030972581378,0.640745464865896
"P1129",-0.73116968257315,1.13627189303795,-1.17394324360337
"P1130",-1.27574732194757,-1.2480279733728,-1.30380562902812
"P1131",-1.79634079446694,-1.06100646842969,-0.418165199868043
"P1132",0.928975138557477,-0.658252813419239,1.25752230588673
"P1133",0.363865220317238,0.115402006597813,0.129645871565225
"P1134",-0.699252724956567,0.378558034133115,-0.89510639918468
"P1135",-2.52598640294904,-0.447529111931331,-1.42103712953214
"P1136",-1.36476439174059,0.134744787077245,-1.18269887013613
"P1137",0.82016218314807,0.997689182756498,0.946523886314121
"P1138",-1.02493396210283,0.206550557779938,-1.28531218444772
"P1139",0.433823181256676,1.79819115021557,2.01844825848109
"P1140",0.839055061682553,1.42568825366058,1.28991988669661
"P1141",0.19451827765572,-0.0622322821550644,-0.441695603001205
"P1142",-1.28556679786654,1.19719366860109,-2.02707216833916
"P1143",-0.211838938454578,-0.207679152757469,0.00112862366994531
"P1144",-0.639776611349418,-0.204563450912821,-0.661343247515721
"P1145",-1.21527805743413,1.46461147837243,-1.60340598986496
"P1146",1.13511032120995,-1.11004059071419,1.19728754790564
"P1147",-0.440221440051521,0.0363033678113413,0.762462750029262
"P1148",-1.13037352673667,0.930891711534839,1.01343144528069
"P1149",-1.04123510974946,0.127909759158211,-0.674282877531914
"P1150",0.367189625868527,1.06678218072705,-0.643772510102636
"P1151",1.02161097763815,-0.967051171027452,0.805258671601627
"P1152",0.943504535643308,0.814528232583772,0.812490564502503
"P1153",0.961505723853252,-1.17388235497722,-1.92073521135809
"P1154",-0.50632590631502,0.787960748970565,1.18797285799914
"P1155",-0.239246058696976,1.06055985383869,-0.828145215226935
"P1156",-0.231173198341427,-0.819287491636651,-0.551821948700012
"P1157",-1.1839652990537,1.406690331812,-1.08928672352446
"P1158",0.648678133129791,-0.760542988578821,0.02972039436536
"P1159",0.553455564595757,-0.971663230344689,-0.0366632616653952
"P1160",-0.0402930395505599,0.120451976524467,1.49880280899767
"P1161",1.92167785764733,-0.526385573777286,0.878981775784893
"P1162",-1.97629295851947,-0.35751006579715,0.17593439330753
"P1163",0.411020413470246,1.14527684356161,-1.70430033888143
"P1164",-0.518894667448498,-0.646997556436221,0.470343737291586
"P1165",0.616883077092668,-0.452277602675364,0.178977209523607
"P1166",0.853262956124607,0.773871330018925,1.14899563163095
"P1167",-1.47201073068876,-1.10541895533165,0.228294203837273
"P1168",-1.4591297333645,-0.615642361691004,-1.10642972478855
"P1169",0.846537314172963,-0.511623207557444,-0.102888728870533
"P1170",0.189148073076926,-1.98820207747929,-0.16510853099809
"P1171",-0.711886175131333,0.578927192769307,-0.879428037679202
"P1172",1.08804427042015,1.30163285671795,1.7512996694992
"P1173",-0.0487412680309175,2.45024975660757,1.6279991486231
"P1174",-1.12819497956156,-1.13730964920749,-1.34033276226736
"P1175",0.654735349367451,0.66518016778883,-0.126552630425979
"P1176",-0.534887378566583,-1.59716671697953,0.891892879632408
"P1177",0.116985556421829,-1.8253737162773,-0.6914138393225
"P1178",-1.1166420761768,0.00687993365008084,-1.8348121325924
"P1179",0.447265867525268,-0.528289290419681,-0.304280670155697
"P1180",2.55055677185843,-0.828955576576658,1.26494754604672
"P1181",0.568097112247166,-1.1105506899268,1.62192955521864
"P1182",-0.894112060141209,-0.933225748479271,-1.60265512763093
"P1183",-0.741275102305444,-0.248825734756948,-0.534344411082221
"P1184",0.776495356374352,0.108296978446226,0.347247266208942
"P1185",0.776237199485784,0.528337584673667,-0.770255042041778
"P1186",0.514703546158886,1.57305009211447,1.61396841620634
"P1187",0.218900739434199,0.27031985402831,0.860547127453581
"P1188",0.087788959645883,-1.54336252113399,0.457906514031404
"P1189",-0.0803789035728151,0.388562645271038,1.41508207458871
"P1190",-0.829975029117519,1.18136181059868,1.74577305551084
"P1191",-1.04326711231167,-1.43865867142288,-0.627055597741799
"P1192",-0.147857502870159,0.883404220917159,-1.10149190906412
"P1193",-0.732533054513511,-0.262907267610905,-1.00152087323304
"P1194",-0.411555159462413,1.80439470984902,-0.853535393239705
"P1195",0.313868828159842,0.807157897206175,-1.43087538804633
"P1196",1.07795998915467,1.14631373836704,1.47113750126612
"P1197",1.01803979452819,-0.814176370837433,-0.161476468782462
"P1198",1.62106867526185,-0.0615196542040754,1.3079754017897
"P1199",0.403897621971168,1.22357674114546,-0.384767029309945
"P1200",0.727255047455663,-1.44623354305608,0.151470553338819
