"id","personal_resources","acute_stress","adaptive_functioning"
"P0001",57.7870340516827,37.5977716335242,66.2746349093167
"P0002",37.6078483044337,57.2281118077746,34.6671260098421
"P0003",58.4284713937473,70.2362263266747,66.6594641984659
"P0004",39.6606191401236,66.0673684063081,35.2702975240719
"P0005",56.9986211081728,54.9663680082809,66.5789860516175
"P0006",50.3759332483493,58.935600511385,60.2694417414211
"P0007",66.5631190282762,43.3179624750588,44.8411930147735
"P0008",53.6482069765418,51.9887664195129,50.8226883996028
"P0009",61.3432569956,55.589998843793,38.434516746144
"P0010",37.2729362461244,59.0483486634738,42.5134537957807
"P0011",56.4589739087329,50.5319473620641,57.4614582446982
"P0012",47.9106559794693,54.1005477988025,41.3392625766262
"P0013",70.30886246467,45.292746293169,55.6655386093484
"P0014",27.5731317824312,37.7917351952037,44.0209512364861
"P0015",60.751262674941,26.7298478149489,49.3517906433087
"P0016",48.2353059963179,59.4369557808418,50.8239322539001
"P0017",53.9099162596931,39.6910191296296,54.7161182849083
"P0018",43.900836212364,44.3276001078915,57.928616127346
"P0019",58.4210390746874,54.9275870044865,68.4619740003907
"P0020",62.6057928624274,58.5126668593303,69.0233304528582
"P0021",68.5666081089718,44.3468272243597,59.0699656460362
"P0022",52.7425102710559,47.0004386775985,42.4408565155472
"P0023",62.8789188304796,56.4108165889835,58.4202823121498
"P0024",42.7857701179286,38.5795313338513,52.1766598514642
"P0025",47.0408763003677,39.2656685630576,49.1252873366805
"P0026",44.8338475522735,54.1364870489622,42.0071080379435
"P0027",66.7438542585645,43.6256031344877,51.7121252575094
"P0028",31.1780072758645,38.5593284573196,52.1481200684327
"P0029",44.7449557739812,52.4921997417513,41.3912805622007
"P0030",42.3113127761187,31.0867299249146,39.534177235309
"P0031",60.1842704988783,54.168922521148,60.7000521535845
"P0032",46.0936428664417,44.2492529618673,39.4110304584901
"P0033",49.0096864050788,53.530113766394,43.0588765262938
"P0034",46.6975746511545,63.055568223531,43.2105596364784
"P0035",53.3526208136502,51.281414928337,44.5205968463804
"P0036",50.1221764697843,71.7990543115095,69.0948400662587
"P0037",64.2683782298485,47.0346081207066,63.8264872612936
"P0038",52.4991730346797,57.1922643975276,67.7918696024315
"P0039",67.114883220798,32.0796370389431,61.1321496769872
"P0040",47.1713925113268,44.4956806281021,55.9427347501911
"P0041",73.0485383213721,42.700087591401,58.1207740502037
"P0042",49.9928928484752,58.1259345124941,39.3193975501272
"P0043",55.9382222386841,60.244847672978,32.6501972429065
"P0044",44.6216182959988,58.2655119738617,67.2879863461754
"P0045",51.7327777759832,38.7627340301473,45.0497082419884
"P0046",53.737402176487,53.3380120350645,60.3010708532287
"P0047",53.3146432815015,57.635919567013,60.523694265917
"P0048",51.8161800811892,47.8593297176416,41.5977252002991
"P0049",46.8745846474798,47.9403404510497,49.0931119912147
"P0050",47.8082130854637,49.4380312851845,69.5847380672017
"P0051",44.2363346119742,68.3113713237675,34.0847140109414
"P0052",65.1153809418179,48.8431243228963,64.8595371977514
"P0053",56.0712676495277,65.6343422923275,58.5405674849892
"P0054",54.588916427476,33.4055278184559,55.5814069153157
"P0055",35.9138953628867,46.6408478725162,35.826172358104
"P0056",30.6044601895574,41.7317657652328,48.9651875852433
"P0057",57.8684975361164,41.3027172111924,54.7936610567835
"P0058",49.9676072069725,57.1139808315633,44.2483097712066
"P0059",49.2036589713431,47.6012086014198,54.4300858078993
"P0060",42.101991551133,57.6703950217787,36.5426097027398
"P0061",32.49154680751,58.6384395708067,31.3925281988805
"P0062",46.280563312922,41.5189967218699,50.4586199867684
"P0063",42.9385995316782,45.8656954232316,47.9770659429895
"P0064",72.2222321749721,61.3440989547572,70.8067768744499
"P0065",52.56795181721,46.6181321139638,58.5558724864038
"P0066",40.6367494344276,59.9269675844966,34.0872374174973
"P0067",54.7371153451984,51.5517262930663,56.8203738801972
"P0068",34.9179018023946,52.6255263775291,45.6497386419465
"P0069",45.2744655426574,60.2958412006504,40.5813202175033
"P0070",52.8655990038989,44.0565261162454,51.6881788084076
"P0071",51.8235639194267,40.1449978696178,62.5842958979807
"P0072",63.7799508116229,55.0383728355602,59.3339979659858
"P0073",40.9632941784409,52.876732135822,42.8953003668349
"P0074",68.9967071970422,49.6656129052233,60.0699462855587
"P0075",45.3203969303796,48.462408861735,50.4030793053126
"P0076",56.6283710619658,50.1195335119105,33.0644764916445
"P0077",52.6144335083438,49.9935515170732,66.7004446207215
"P0078",55.4519984302333,52.611194209671,44.8506381948172
"P0079",51.9543061810893,42.6005959068439,57.1916074572036
"P0080",36.3842200706727,48.4153336035419,39.1146155022705
"P0081",48.4326110236752,51.8834993587318,45.8830540970119
"P0082",54.206945609441,65.0251797646107,32.364827745773
"P0083",46.7481932824052,50.5368419777499,40.0675464053431
"P0084",31.8944959759557,39.2013374509402,45.471942077551
"P0085",46.5429544221722,50.7128690582516,46.3047697833746
"P0086",47.0637999389374,60.1049648879198,65.4252232322348
"P0087",54.9677629292992,35.0628895935807,54.1209652573412
"P0088",45.4250100921468,59.7012466173152,36.5596186768517
"P0089",50.9410991909323,50.9920115802093,44.0053560590957
"P0090",62.175178471358,50.7651734407303,58.7748324955154
"P0091",70.2802338547227,45.2309751136933,56.7340387939247
"P0092",56.9277326218288,56.89735552652,54.9534558462127
"P0093",47.4838558925821,62.2475374819706,32.7991067272192
"P0094",63.7503071388613,38.3920645480595,49.5595049113149
"P0095",61.0277512404064,51.6890856593307,64.6126208105027
"P0096",52.7160584401784,60.5848232665587,43.0664522377538
"P0097",61.4234263475494,40.4923657460011,64.2601785611967
"P0098",63.4410959261023,74.1082731970045,63.6171879327564
"P0099",59.5403333956674,53.6462311009052,58.6926437453819
"P0100",53.4254412418501,59.6872265272399,28.4916604618823
"P0101",47.2207564319688,50.213060470674,43.4919933864538
"P0102",48.8985386287371,33.9880495351398,43.3587616249025
"P0103",47.269411248786,45.3517275283252,44.9629591597054
"P0104",59.8131477287556,59.430172537362,50.674711464856
"P0105",48.0591186721464,51.4033468217554,35.9805638105681
"P0106",62.6432953392408,55.406932656112,66.1625302298721
"P0107",55.820937175558,38.0008535848154,51.3807581842404
"P0108",60.3228995732475,40.246864620424,52.0903647107484
"P0109",49.0842090813942,45.4860050676197,59.4764293579336
"P0110",50.6061426568401,73.2999422434802,36.8953259725646
"P0111",55.5571338616123,49.9290365680266,40.7936355376917
"P0112",29.1554951613972,61.546500756214,34.5721472978422
"P0113",62.036890205316,53.3857915302421,39.4049336893185
"P0114",52.0978194290515,46.8031320801636,47.0376949367314
"P0115",40.2704557506118,50.9515928774852,37.8838762310958
"P0116",53.0625713416417,48.5182847963442,48.2082450571788
"P0117",42.7213690285266,34.2311317013059,43.278840319151
"P0118",48.4952712945905,25.1604215606103,50.5443188949628
"P0119",40.5594131253674,36.4283579608383,50.6047532783372
"P0120",51.1756231769446,44.8623516853993,66.6163371732176
"P0121",46.7299613716412,59.7309851786003,51.1167835009676
"P0122",47.127173733234,60.8877527148787,37.0732763016678
"P0123",64.9015763875287,46.0985363861388,59.8950650434832
"P0124",55.5938059636821,56.68590152779,50.9374437876525
"P0125",51.8446893858296,41.9264707947627,51.2556208189986
"P0126",68.6249570687833,59.1077709484329,56.3835228178856
"P0127",60.954038526422,56.6003213714513,39.3986114256207
"P0128",44.5130433666898,57.1866678612359,42.8276879298781
"P0129",61.2791912830463,50.6930933706817,59.5106570748969
"P0130",62.1134357144813,44.4701426789373,56.5681500403917
"P0131",40.4125434724615,66.0928584366298,37.0155782655032
"P0132",60.1422296135825,50.6516348735766,61.610741967633
"P0133",62.6282098614703,61.9549741469166,64.4483353033548
"P0134",59.514208152556,53.7562642516138,63.245952431073
"P0135",38.6868277337723,35.1645142137408,49.8594178890423
"P0136",63.4544136477689,57.5271358124774,70.7959997855861
"P0137",36.0699653002204,43.9102356654545,40.6764295214778
"P0138",69.0950259260705,51.0751198828858,67.3103247241666
"P0139",52.1085877506037,66.9824921803942,65.7909912351251
"P0140",43.5961136218992,42.1017451322067,57.8204955906505
"P0141",50.537295040475,61.6958712545724,43.4214972869964
"P0142",40.8634966068174,50.4420243532314,43.4459455190227
"P0143",50.0145163063171,55.3947930461691,33.0741514988983
"P0144",57.8568743883565,44.6802268173806,52.606231734619
"P0145",55.815972782206,39.0560452667692,58.593525640359
"P0146",56.7408954192514,55.7569807167767,60.8388128643607
"P0147",38.0090334464969,55.8088535380571,45.4381973406614
"P0148",57.9383268093477,47.5668562519814,48.4369842521861
"P0149",58.8364453203026,66.7663906236204,54.4726324722194
"P0150",43.4864614908446,59.7058857263705,57.9831593010449
"P0151",46.3768860257176,53.1995823126604,47.6777082204876
"P0152",32.3329498647019,61.8566711500174,40.026037338918
"P0153",51.9199757745024,43.7760637742586,55.0325593519357
"P0154",35.4492012466698,35.9939202335484,43.3517991863009
"P0155",51.2807280397168,31.81522340168,60.1803413077802
"P0156",45.5378213962014,49.4513433225232,44.1527818964568
"P0157",46.3029862946163,42.8103642731048,58.0185447124403
"P0158",56.947718386416,39.0360817614743,60.6403846702571
"P0159",52.6038981248477,53.1634078725211,59.0965209015158
"P0160",40.8155746241711,56.3251121032916,47.8864475610518
"P0161",47.8900536833597,64.263223962635,49.9326017720653
"P0162",50.9046548462575,39.6188193414813,57.2983942279458
"P0163",52.1196073999074,50.854563099719,52.8725355001108
"P0164",68.3233039153642,44.0569699635897,58.3973004585196
"P0165",52.0997451119792,52.2741216391985,48.4918053989214
"P0166",54.2500147225177,59.0333805258521,56.3508147888508
"P0167",49.8400206537592,51.9322461167558,61.71949089754
"P0168",55.6059204244563,46.2904870357064,67.0393404963179
"P0169",49.9961721733531,44.7140131530637,43.1527881769059
"P0170",41.1133604386653,44.9347137636535,53.8940942934588
"P0171",47.3914022355074,51.8352816734574,55.697910587258
"P0172",57.1987207483154,31.3028532092909,53.9720491388314
"P0173",38.6716012453137,36.0298288852284,46.9115821280324
"P0174",72.7607995030356,42.5656896357427,66.9578914246247
"P0175",57.1341658371958,52.0431943224924,43.4463784732108
"P0176",51.5005036048915,53.387130321738,44.5749397446702
"P0177",52.4247571657565,58.8393847246935,36.7649493649795
"P0178",34.4560006945484,49.5557799604669,38.9154991693671
"P0179",52.971484632173,37.6710628000335,43.9298210306848
"P0180",48.8709168985409,52.1265466861288,64.7280955370982
"P0181",50.5020726903286,50.0766160930037,34.5276929497715
"P0182",42.9955304927419,56.9939386280963,32.8459304723642
"P0183",41.2440886055729,59.5281925318182,54.8782308342355
"P0184",48.4275710875386,54.3810127064625,50.0524015817949
"P0185",38.2400880497376,60.8068725010699,38.7392612299441
"P0186",52.2843391555011,43.0266377574125,56.8939456850476
"P0187",31.512426997922,49.1232559190453,43.2176739192857
"P0188",41.6257414472086,63.7786531291606,38.8979291148443
"P0189",47.2894204490098,49.3332673156858,40.8154088932295
"P0190",73.3751082454794,35.2728660707907,59.0205141004219
"P0191",38.8408342101407,33.8930060907145,55.5258466840976
"P0192",49.3329387463338,50.4536398863555,60.7774326073073
"P0193",37.4736146530129,48.7150372715532,45.2750815456989
"P0194",26.6135800536361,29.5764475280897,38.9599241692071
"P0195",49.7426493811054,51.2365142711717,56.0529246301149
"P0196",62.1096733159585,47.6696735918712,45.5029773116783
"P0197",48.1555128133474,57.2749141953095,34.8446975105394
"P0198",33.185432069851,59.5840659702316,38.1709815314214
"P0199",53.7693831067094,54.2647122582504,39.5928974412868
"P0200",51.2894163191372,31.6487263222457,41.4556648667817
"P0201",45.0101185515224,72.7878388084544,32.2604707601846
"P0202",62.9047301040542,36.8643910367146,48.262704375681
"P0203",50.9655862720152,35.1979409255568,46.0136429846577
"P0204",44.4544727890402,43.2980029819788,58.7977990694079
"P0205",55.6419838766072,34.1111257672989,45.8309710276391
"P0206",53.4481639252786,47.377248906058,52.7714266285262
"P0207",48.9455436999107,53.4107620660169,41.4274140135731
"P0208",28.7476458111764,62.0539476461969,34.9918438814869
"P0209",60.0157339740409,47.6071790804033,61.4432027805308
"P0210",57.2875003627453,56.1304465981076,58.6636928741505
"P0211",57.7888241443949,40.8546322257941,50.2939099508979
"P0212",59.1996981217277,37.1276242394316,49.9556612081775
"P0213",31.4831399496896,55.5398242567034,37.435985402891
"P0214",60.67771832515,44.7850164088431,47.8968970169155
"P0215",65.8538366279544,44.2634078876484,41.9521430106124
"P0216",66.5145652351111,36.9892463231573,46.3454668119506
"P0217",37.1713476129542,41.8692572815186,37.0671556951173
"P0218",35.2581555552319,54.2256794675137,37.3219037053571
"P0219",47.6143085824722,50.9755952850124,31.2057758319682
"P0220",42.9447246898959,44.1027610830917,39.6095694072715
"P0221",37.1490269816076,54.0069426904468,34.6715742037931
"P0222",59.0398714733509,41.6503778632186,63.794226879089
"P0223",52.6086983428579,42.4009944411309,56.1436915969328
"P0224",36.0666973640216,45.1469536552856,44.0321731224654
"P0225",67.2275075110894,39.0273470337801,48.9628720224
"P0226",43.7991633752408,49.5721459570522,48.9846808040533
"P0227",62.6292558321047,35.1946566171502,60.090166769708
"P0228",55.1273679442688,48.1785845596637,40.499475593014
"P0229",67.9421770473725,53.2138496030677,58.2368999512917
"P0230",51.561916548157,51.6336302519189,55.1854964219867
"P0231",41.0184878647845,71.3023939466439,32.1513393865532
"P0232",50.48151741705,51.1288453842715,51.4315444363305
"P0233",61.4186035813988,39.9296720239966,59.6988448567061
"P0234",44.9444985968515,53.1851211952078,44.2002639501023
"P0235",55.6582060239312,53.1048655351895,58.5687150451092
"P0236",49.0829179788909,40.8084098915961,40.1063137450584
"P0237",51.4341057871438,30.2033539849159,53.4282339412453
"P0238",52.9021756150673,53.8844358477584,54.2302679134396
"P0239",62.9142168105584,60.7328102234643,67.129738088706
"P0240",61.5384203239466,44.1944457203974,63.9935122733129
"P0241",49.8150739404121,36.3379653849589,53.8440518585588
"P0242",48.368065893655,55.711117160865,48.3324587975925
"P0243",55.7565090456631,45.7725630049493,62.3683437848387
"P0244",43.2534378998464,25.2621771344884,46.4162528199416
"P0245",42.7594432124008,60.5222274307098,35.2537347678497
"P0246",51.3785211565522,49.6004237723117,61.548264896308
"P0247",41.9786402191233,50.125628512693,57.5957132574297
"P0248",50.6026814185077,28.8388833655976,46.4776200654451
"P0249",59.1608545370325,33.4313531220754,68.1194583277696
"P0250",45.9221230162672,48.3228893364592,58.4271518128916
"P0251",39.3407624539733,56.5314966069214,29.8179025674962
"P0252",56.7180764246594,38.2627420329708,55.4849126274295
"P0253",29.8518019626005,34.4230171602744,42.3139514793224
"P0254",44.1829779141252,35.9005417520337,36.4977225929924
"P0255",55.9897481831146,46.9794670925216,48.0709724150831
"P0256",40.7753112900234,52.7135523002478,36.5494893830748
"P0257",50.5156031599586,57.9147077659918,59.4747539836327
"P0258",45.2016767470013,50.3165391549602,59.580404516861
"P0259",60.307999393446,50.7164794775389,59.4825020635588
"P0260",64.8503372128782,50.5933424127282,59.3885640979739
"P0261",38.6364227834064,34.9721144617094,48.1439074254072
"P0262",38.2996752202799,61.5531994829247,43.9931960369679
"P0263",53.4166422457876,52.5447235109721,38.3808599062631
"P0264",42.9080318917029,38.7808076852845,55.612076349476
"P0265",48.3506420024043,42.4993522003089,57.3747009628672
"P0266",51.9665462708757,42.9979323750864,47.4618151096935
"P0267",40.4604766181482,43.5858758546354,51.8476713499248
"P0268",66.079371565697,27.083013594868,63.2573370934816
"P0269",67.0596732690503,60.7733982924089,62.488783900804
"P0270",39.298968238076,47.4674731008353,50.6099971238942
"P0271",39.285968823715,32.8574903008396,45.0273178181688
"P0272",49.9602672754594,43.7334486086421,56.4569667893852
"P0273",56.9995512595267,31.368119979601,57.04327915784
"P0274",66.1148271842187,47.4702123131095,44.9194020351913
"P0275",49.7350261780579,46.5186271572693,58.6550746513116
"P0276",56.9498234421378,68.1362869416681,65.4947408174537
"P0277",50.6770586046323,42.1121362103614,41.3587986396025
"P0278",49.0503217702309,53.9299732129177,46.4851069031562
"P0279",70.2014486090234,39.1728431655431,57.8534225755652
"P0280",63.9543590540881,42.7207265605324,59.797679433505
"P0281",33.0160582493576,51.9991060822349,32.910879415363
"P0282",47.4873576291182,58.7483354995942,50.8695432475327
"P0283",40.784096715123,53.578405234221,37.6390008863795
"P0284",51.3794267435946,56.6415092008681,46.9345325482826
"P0285",59.9670494722296,55.4284372614816,47.2027190583498
"P0286",60.1657948365071,51.9156545471214,61.1649422568815
"P0287",41.0747139685934,51.0305187366159,32.810429023971
"P0288",57.342919740918,54.1386361914011,48.1874011850255
"P0289",36.7900729148889,47.4320685580922,50.2879493873462
"P0290",62.3834351039589,53.4364208401596,59.2132927465077
"P0291",50.0650415485917,47.0877209566554,53.2516615997438
"P0292",54.0965148661781,36.5271183544353,49.6317050404587
"P0293",35.1924801442471,36.099256469512,33.8863468516256
"P0294",47.0516468071831,48.5812663089242,38.0551654936077
"P0295",36.7919463386525,56.2390879041257,33.6356868658891
"P0296",47.6587279038416,56.1332584409114,51.1129420933721
"P0297",50.0902800311961,57.6593656511382,52.6150822717166
"P0298",42.2311673715974,55.3553584248411,49.0323804006332
"P0299",47.7151152109955,65.9053683419645,34.2430725314788
"P0300",38.9974794234273,50.3384642593204,38.005007473256
"P0301",46.8936473778317,62.1802141199063,64.0009169933604
"P0302",74.1274521340671,45.9566326122386,63.3061551790517
"P0303",41.601805685803,59.663605416666,35.2428755593482
"P0304",54.6548996438236,62.4154437618865,60.9620566622416
"P0305",49.6435904848962,59.6184494328737,30.5950667699242
"P0306",46.3003410425844,42.1749667174879,48.9383984389844
"P0307",54.6236544497023,50.6454123287284,56.1929862880689
"P0308",49.4100405402985,51.9540202575544,56.3879484654536
"P0309",45.5449743468299,51.2689496540541,56.3219202203968
"P0310",53.5605515466893,46.2490989345935,58.9871109965808
"P0311",56.9912390789037,46.4451505603575,57.3605437945685
"P0312",46.0887975252523,62.015656501405,55.9516666313747
"P0313",51.1194191474699,44.8005889675648,58.401941366151
"P0314",51.5429891462377,34.8493074598972,56.7690568219377
"P0315",38.2785915704585,41.6570365949259,43.3795759956008
"P0316",56.6586076575468,49.7383446307994,55.9221450683336
"P0317",39.9753410728958,50.3444766790125,37.7017844951467
"P0318",41.2467707156075,55.4471982074479,34.5280823263624
"P0319",56.0019517140634,50.4581270581404,43.7224087159102
"P0320",36.3300574438724,58.6536324463217,36.4537956529013
"P0321",49.4226657969058,51.0396849936205,40.2354067286908
"P0322",42.9225134393291,38.9622994000223,51.1637268536542
"P0323",50.4942633204168,49.9111232444137,56.3743020902915
"P0324",45.5382447973774,60.0733786924817,46.2103256993507
"P0325",62.3649640607949,64.7152455178004,66.701271579779
"P0326",32.3696781445932,48.272132476332,38.7218105531751
"P0327",51.3704929794481,54.4017761905092,53.4375917251694
"P0328",56.5630478319057,58.8158353983053,68.4425384342422
"P0329",42.5769531857295,57.5625626691638,36.1995795610199
"P0330",31.303439885537,52.8486440494516,34.2240532732386
"P0331",38.505219915584,45.5321658603827,47.4600199759377
"P0332",65.4602594898719,43.7002472602051,67.5645823398252
"P0333",25.1700259475774,47.7418702775469,39.7768684658737
"P0334",67.8049679381792,53.002257481671,52.9727487438941
"P0335",53.421314336378,60.8616783089153,43.0463122172139
"P0336",49.0095277940373,64.4386450671688,64.3056436381222
"P0337",58.7470327813564,48.4672016125217,65.8265111685966
"P0338",40.3751833509179,50.9583831692246,48.7628649496948
"P0339",51.8998512704026,29.2906065497071,49.1148476402851
"P0340",54.0300069385049,47.05789668561,47.7244678189281
"P0341",64.1825029781792,55.7185453659074,52.5788391410444
"P0342",53.4199384542056,60.8436735325272,36.2839722557986
"P0343",35.187545423155,51.423020148991,44.3516114001828
"P0344",45.6734655722754,64.8251892797671,35.2622361506215
"P0345",55.4715194373883,43.1920026757968,52.812147541209
"P0346",57.3465271293602,62.6182206312902,40.681271121217
"P0347",54.6243171802853,51.3404116015156,55.0656066377551
"P0348",50.7928252032106,60.1848409056831,36.4342364269681
"P0349",45.9515248048431,35.2006133732361,48.186765569213
"P0350",55.7733532572841,61.3203948546117,64.4544685757884
"P0351",34.066367260436,63.6481751852847,42.8201901984791
"P0352",55.0238869413388,54.5941521171859,42.1914864420606
"P0353",52.0129123629619,71.5454603543598,68.7306789439814
"P0354",58.0356484091277,58.2635687451882,58.143694888595
"P0355",52.255537035494,49.739704040105,49.1482892733693
"P0356",43.2829725633954,57.377092257286,49.4876494879541
"P0357",54.8601839836985,57.6406170706213,60.7619493456537
"P0358",39.2031408223094,52.3426672635982,48.5484480816955
"P0359",35.4700778294102,49.5414959861229,33.6484407032534
"P0360",35.702849194008,34.2238859217452,52.018592905587
"P0361",50.4625421834677,46.4933460284011,36.0178134442267
"P0362",41.8082337405155,50.8049036381412,38.7183361151204
"P0363",62.7902994703288,36.2478401472735,43.6126769024076
"P0364",41.5690852126552,40.3131222611021,45.0505353829419
"P0365",41.8846233020177,63.4930638669655,52.2071920285047
"P0366",52.3596051582904,51.1491825224926,38.6554168326682
"P0367",51.6405148630299,49.1576616767793,40.7889500921376
"P0368",48.7324693534524,48.376854878711,40.4735869452038
"P0369",63.2332267748473,58.8059040570562,72.7879484361996
"P0370",41.3657790975817,41.5007795206837,62.0445122077596
"P0371",49.5538366225873,57.8217085434408,40.2820750959981
"P0372",56.4963758452618,50.8940187550929,48.2132510401428
"P0373",30.9930885502665,57.249305429396,39.7021577452419
"P0374",59.0497585677084,61.6342909376934,63.3225999378025
"P0375",34.3730241753405,51.8756061421119,45.3730353738071
"P0376",52.425062383753,38.7709552552894,57.0974900780513
"P0377",50.338622721142,51.9876410636648,54.2535128402296
"P0378",46.9635815016877,45.0732867847193,48.7428516286357
"P0379",36.3302904053384,46.1484514770164,34.8392620542532
"P0380",41.7332977851177,34.7691531327229,47.824203667195
"P0381",58.4740115162189,32.3610566226625,48.4807290752202
"P0382",64.5060031336436,35.5731427622683,56.5937885544054
"P0383",46.6251844311299,57.2201409022367,60.7739276456453
"P0384",62.4364929439996,55.6528349626662,67.6275650406624
"P0385",35.3492068815161,35.8098258787838,57.0093429312922
"P0386",50.6226475918105,63.0763255672955,58.7684950449239
"P0387",56.7522554444556,62.9533451157157,65.4873403214763
"P0388",37.5057232568117,65.2162618818355,33.5434500972725
"P0389",42.6341543602407,32.846099839842,47.5455686806611
"P0390",44.4807991972682,34.3652791407648,49.1201778493382
"P0391",45.2508505935295,54.8182954357923,42.0464735739416
"P0392",55.931643867857,53.9881224575446,59.2391058054921
"P0393",38.1094000616808,46.1905168787716,48.6204471270505
"P0394",38.1642901694921,64.3448874215358,29.9834866985651
"P0395",38.9132775313387,53.6317014967006,34.9799187294886
"P0396",56.0967497456979,47.3071837416183,52.2887394093077
"P0397",55.9454127098628,56.3240200684236,63.0890398483186
"P0398",47.4592935856483,39.1333277541618,41.133584194891
"P0399",60.5324558155398,44.7779387730512,66.2053212287004
"P0400",49.8226603736178,36.3677821175142,43.5966785220614
"P0401",54.5752352675847,54.7904304850847,57.6584562965034
"P0402",47.8472132789166,53.2382542596199,50.1919758641284
"P0403",49.0438363891958,57.621634459215,59.6404982138132
"P0404",40.3928704411033,52.4696657623268,34.833692513913
"P0405",52.4716377028994,37.1592226074379,60.0710950715653
"P0406",57.9442066832497,41.3297639976214,46.6760250371002
"P0407",49.3014407903105,55.8647053996174,59.5660204337708
"P0408",46.7812563369408,38.735563402311,60.1346414481553
"P0409",53.1285950145341,33.2991785998169,54.4484596552819
"P0410",44.606395831856,35.460952966763,53.1259086205351
"P0411",40.4439014136776,25.7524313586012,43.3842439919373
"P0412",45.3968149426257,54.8048838445684,51.3423945796226
"P0413",43.3613700081202,55.7970295028105,40.8046668895874
"P0414",48.6444186972965,59.6367266796892,35.1541730712497
"P0415",74.8435362572454,29.5267831795322,57.4667620773545
"P0416",52.1076533259017,61.1747994650631,68.4565336535803
"P0417",43.9192445435427,41.7584495563515,47.4768607571817
"P0418",65.9512696519776,38.2886036515907,54.7555439383983
"P0419",49.4340627224399,47.7824445163497,41.0984975563417
"P0420",53.4903062883748,52.9499280784005,53.0267275536829
"P0421",51.0653462561868,52.601137784796,60.6223393153053
"P0422",42.86577124705,66.1547774072707,28.3066408435222
"P0423",43.4446606555552,56.8977208634833,45.1563734609863
"P0424",43.3063892043392,62.5772741068993,55.914856038543
"P0425",58.0917925920114,48.1311515342823,55.5651787948796
"P0426",55.201801945014,58.6401276119382,66.8633474096256
"P0427",51.6380715267588,51.5076800374108,60.2857048213304
"P0428",70.6898483239896,55.6934001887791,58.8485023271847
"P0429",38.7252162405732,43.867706007294,37.6745177278692
"P0430",54.1180612539023,49.008219056769,43.1103931643303
"P0431",48.9671310765182,53.5080996011224,34.5260863140858
"P0432",48.6255051084356,50.2523124995337,43.9807601889113
"P0433",45.132120720022,43.3228973136262,34.1295060468431
"P0434",58.1832233963625,39.2093589175923,58.0979365206362
"P0435",51.0683586312667,56.4988411288312,52.7700995767127
"P0436",41.8938965285802,62.5546446878323,37.6098780907939
"P0437",41.9950123298815,69.0598371129898,36.4493198244342
"P0438",49.7134796675426,49.3542168817832,66.9889874928919
"P0439",46.7526843730209,54.01636825089,57.7826745570207
"P0440",42.3756696967043,48.3530901725821,51.3076987171887
"P0441",48.1426017549478,43.8406508475095,47.713564947186
"P0442",48.9539266645637,48.7159942435719,52.5235548530262
"P0443",37.747874082254,58.1833362727988,59.6831409131008
"P0444",56.748909181565,42.0291883659968,43.5183660293308
"P0445",58.9091679855356,64.4611300890504,54.0933814412727
"P0446",65.7806831556022,42.4575105441181,68.9709303901458
"P0447",44.4520580231328,40.9862310389925,54.3553452245705
"P0448",47.1922354256478,41.7498918607717,60.1266743569113
"P0449",55.0579829235217,31.2974431989675,55.8402265810004
"P0450",63.0385226430314,43.4855303506918,52.691050152241
"P0451",65.8172358767018,50.7575979975544,62.8929115917233
"P0452",60.5513252255145,55.1371457470487,47.5704466824793
"P0453",41.3649524460509,60.6011258669567,30.2967254285706
"P0454",55.9755219306864,36.5530254703372,48.8811721904083
"P0455",61.9098388932708,40.4290547973951,46.3589900363615
"P0456",50.6027283525788,53.9589926057402,54.5214309259983
"P0457",52.9059667087234,62.7726951245088,58.9953981508351
"P0458",44.1860885744914,44.6873860875575,57.7433666727864
"P0459",48.4523943601661,37.1634401407065,37.4259243652439
"P0460",54.3263067815395,51.3280100140178,39.8661371530224
"P0461",56.7523093590047,31.8563683472281,60.4223831440315
"P0462",65.1447015295178,36.8565980874865,58.8192935343474
"P0463",32.4734838264533,59.1809183190474,39.4361988339203
"P0464",38.3105329552397,53.1825288811795,43.6115534607613
"P0465",58.4520400913052,41.9245255953981,47.827964285726
"P0466",63.3285248952121,51.8236113333107,37.7527272103959
"P0467",49.5493666066859,40.7002536485778,38.0981706071841
"P0468",57.3789720080111,52.5958666243135,64.6458752749717
"P0469",57.3952256504102,38.012653067369,51.9212112738196
"P0470",55.2579414542395,56.1164440194297,52.8334401939398
"P0471",49.2758239450019,32.4284146632029,53.7075392694702
"P0472",45.8817771270243,50.0510907003582,47.8755039973039
"P0473",46.5607010602003,55.1523225232444,38.4779452495367
"P0474",39.8160442728014,45.5023293620183,49.8241757160643
"P0475",43.4413433382322,63.1499882925633,42.8490912705108
"P0476",39.8371469496947,61.0170798981009,60.6271997043552
"P0477",47.4812006926147,40.0011892806083,50.0394591660129
"P0478",51.5250575173186,51.9714260182897,57.8311240378767
"P0479",49.915528029238,52.0730036715305,37.4704246562652
"P0480",54.7704616584086,49.6954040853958,40.7888748084674
"P0481",40.2754362335768,53.7501826306678,56.2357237433933
"P0482",55.8449188843335,55.6790655686897,62.0911630759645
"P0483",42.119262695529,47.3226560270775,45.1222831865465
"P0484",32.5459657118807,60.9272123245799,30.7906651340863
"P0485",43.9532827370648,61.3768589714245,37.6451263056895
"P0486",40.4841182591224,63.6865596483988,57.5803771194336
"P0487",39.6856372662909,46.1605150169503,37.7904905518878
"P0488",37.6592189430538,53.1230032720253,64.7162710413076
"P0489",58.6163452658766,58.5422147202849,58.551311680436
"P0490",57.3358701136416,51.8268976919702,54.3091686224173
"P0491",45.9700911208106,41.1207287164496,62.9888453444629
"P0492",57.924071800707,62.444166263557,64.7335271917586
"P0493",53.8842872392729,44.4370189459897,59.5933963170053
"P0494",57.8467777937187,46.0973270334216,52.8356308035604
"P0495",44.4633235844751,40.7373616911884,52.6914575735798
"P0496",58.4500910635492,57.4637576073531,40.2391041397415
"P0497",45.8758089917838,68.097721572563,39.0942161356135
"P0498",56.6776823865495,50.6140575185174,55.1302163261987
"P0499",42.6091385113788,42.732750206348,52.8482955645952
"P0500",38.7147437748707,34.9902674960453,49.9390041978672
"P0501",48.2784083637749,52.0803644874902,46.6282244883091
"P0502",53.6220797453087,55.0533837991003,60.3494482428099
"P0503",39.9883997654207,48.7620275942995,39.6714739054176
"P0504",48.0953604122494,51.4185853086776,55.848268541804
"P0505",39.5838668340594,38.3049371313792,35.6741448849726
"P0506",41.6761751157175,36.8554102258297,54.8026558961992
"P0507",49.2181360246573,35.8310124007541,53.0854908653272
"P0508",33.3148340756632,41.0140911828778,41.1860700626615
"P0509",54.1566251548478,55.3828865593832,61.3291578665987
"P0510",40.4387680189056,31.8239191699213,43.6935449784546
"P0511",56.0231901848272,33.5947983876193,51.6159545498659
"P0512",44.9538732831254,46.1150340269986,37.9863787342687
"P0513",48.1592604605543,44.6453190677722,58.7169947510502
"P0514",45.8922593051183,53.7011939950993,33.6062600250915
"P0515",46.2130553319991,45.0878697233372,43.026431316498
"P0516",43.6751169692994,31.713772462941,38.7751843950076
"P0517",56.9643333047309,44.7855126581294,60.9471239118212
"P0518",35.4113785679494,43.1232302358613,39.997653676421
"P0519",47.4532763115108,42.6236464651652,51.1891204992266
"P0520",52.8511030430923,60.1977924707131,41.9797530919325
"P0521",59.0083140294248,54.926520166185,50.4828096988189
"P0522",71.8887262811862,61.6481079941653,59.5868543842993
"P0523",52.0399058404026,57.4405075901499,43.4330392418295
"P0524",43.4992209179096,29.3282870934338,52.0585332633796
"P0525",61.033431546215,55.8541945457743,70.304274798813
"P0526",49.8201428691673,62.2059419884718,41.3656212359389
"P0527",41.7891589341384,59.4867116219003,48.2958417287915
"P0528",55.6366426630181,38.1719868364136,46.7957698390238
"P0529",47.9591737225295,34.0375978791277,47.0694409955495
"P0530",62.7579761314804,32.1923236613332,58.2497966800218
"P0531",61.7137096136605,60.5639670241052,69.3988181151488
"P0532",34.070262675376,42.7974522363563,42.3747798396843
"P0533",38.7362900313401,56.232131719438,36.8802662411637
"P0534",31.1181385031216,49.2034428589631,38.4956452179132
"P0535",51.7017261531876,51.317635208754,34.7927579940927
"P0536",51.5509435186042,66.6588348580174,40.0414395578643
"P0537",45.567621745609,63.1169423082804,65.8311813240049
"P0538",54.773455201546,44.7800025477069,49.7005687505059
"P0539",59.7012250645283,43.4654163152094,55.7848073282641
"P0540",51.1106794962393,35.7277767458721,38.4452141165217
"P0541",31.7257166445284,56.3080897484994,59.1250193137501
"P0542",30.9811246467516,55.6621157483622,33.8602252062737
"P0543",43.6505850605684,51.1463984590572,52.5573774951806
"P0544",42.4199670481636,48.1474845985473,28.6324310701008
"P0545",37.7368806751976,51.0845663208886,45.2807537949292
"P0546",53.8954624378125,42.0369380626174,68.8795436327501
"P0547",59.7410298870613,43.2005701451434,54.3825291018626
"P0548",58.3383004491248,58.5781281497706,58.0441412009107
"P0549",55.0554416074368,67.1873006054635,58.7125172120322
"P0550",38.8649603564716,43.1596468181833,51.4896697802904
"P0551",68.2608841917967,44.9043587214684,61.9674505053648
"P0552",57.8134754945042,64.4460353891491,52.0022237466051
"P0553",44.6825577571955,69.0087016596742,33.6192863596876
"P0554",58.1076266561515,45.989639839208,44.2550990653728
"P0555",39.3562541719726,44.4365456665697,57.7457839236236
"P0556",40.174982534095,42.8251971893098,48.4794233686725
"P0557",36.3332270810048,51.7887365263472,35.5677355401013
"P0558",54.2858107851336,47.4080257025691,53.6069349823365
"P0559",45.1585092845811,33.3145685073259,44.5597751838748
"P0560",52.3712032934254,51.1129270060393,43.3127761522927
"P0561",53.5020293358471,37.1513862656989,45.7815212634394
"P0562",48.440558946391,43.2969427685073,36.2384496492342
"P0563",57.5435312141914,52.5120831613206,57.5786635654673
"P0564",56.6113481305095,49.3169266865193,33.9719613710302
"P0565",61.8932850987138,59.0192824070074,66.6428596632263
"P0566",61.3518124205386,40.2320079287668,50.8921179730917
"P0567",46.5122038548827,64.5669404922232,37.9241252459232
"P0568",65.9282029227895,58.5683083513666,63.7921862955785
"P0569",52.4883608452451,47.9888098305737,38.6099574775879
"P0570",50.8523396754216,55.5962954465736,39.1597327656726
"P0571",51.6148431821958,53.4151450545331,42.1125157123294
"P0572",66.9621370943398,51.6890398969178,58.9046280763767
"P0573",38.7844907548442,48.8001202841087,56.2243408843449
"P0574",46.2150273752803,33.684921768595,40.9297786623029
"P0575",50.7679491293392,50.0155862511513,47.0440754433189
"P0576",43.1591817861981,65.2881911615878,58.9701233907742
"P0577",57.0962548605295,53.7216580180306,35.8429236101437
"P0578",42.7771560552316,32.9490209863742,54.1220528308746
"P0579",53.7818416539996,54.7009237831685,56.6225660157617
"P0580",62.3472709576928,37.3670985749779,60.4815100283663
"P0581",40.2370091003159,63.9228762473017,56.8833640288618
"P0582",51.1885161260056,47.8559570508058,35.997579966166
"P0583",47.9443779285208,55.9538691460507,44.7675922594677
"P0584",60.497296051757,60.8221673656123,50.0008521845862
"P0585",62.0155753407354,47.0962618368328,43.5263171773151
"P0586",58.1484663300525,42.4057464133116,53.0284603690522
"P0587",35.895804379808,50.0737570770572,43.5552171013162
"P0588",56.0463954014547,44.057733460509,61.3816966655999
"P0589",41.0373235427934,63.5264276428108,31.0893026900246
"P0590",40.5146718702892,61.419692365244,37.1740928711744
"P0591",58.0814506118191,32.5438414562503,38.758314036608
"P0592",53.6414995651306,52.4426835664233,61.7948345482055
"P0593",37.8628949660741,51.466424283108,40.1684523925419
"P0594",52.3507110031956,61.0676104678071,65.9681318911191
"P0595",47.5404494980151,58.5377133964033,68.3602903823976
"P0596",52.1498110682362,31.1872916847997,54.1291850174567
"P0597",28.594424442158,59.5675973220569,38.9008749099164
"P0598",45.6256747175838,40.0657962939723,38.1263093792641
"P0599",53.954241622356,36.0568331061616,44.6258780184463
"P0600",57.5449419224819,38.5476526063037,53.119711829358
"P0601",54.4276879156797,55.4390841610474,65.5626974740247
"P0602",59.6887813928715,45.7325023310787,57.6018257023775
"P0603",64.0907924084351,71.2763836418342,63.630975492825
"P0604",50.6219424575535,55.2207844006723,46.1391705223251
"P0605",68.3892701884767,40.1972744929021,59.7395426754386
"P0606",46.9174628359478,61.3610540090879,56.8836754228637
"P0607",42.5645929220679,41.1879568630747,44.5885184802498
"P0608",43.2193418051727,38.4620705606977,48.8626191514065
"P0609",45.1955778737229,34.5793300262428,51.7195667326385
"P0610",62.8771505313038,40.5771369976291,55.0826095346877
"P0611",43.9179903667419,42.1777964886019,45.5846756017915
"P0612",67.4777685759495,34.3308775080006,58.4953821544869
"P0613",73.8705393890704,43.5617267599724,51.1565757762677
"P0614",33.8810162731652,53.7770877209374,38.6334246877881
"P0615",53.501387166241,50.6535585464691,51.9700101096187
"P0616",53.9479650745766,67.162633135385,61.5110138968752
"P0617",32.9956819598604,53.5373219699699,41.93154230672
"P0618",37.1369823882874,64.3584730758007,31.3786783207891
"P0619",52.837591762644,40.732892968003,56.0589730523525
"P0620",50.9451076349738,61.3623833510805,65.0905707410869
"P0621",56.2656873484298,57.3366094892115,48.16974535666
"P0622",40.5470963520772,65.1111947596105,41.2667360821309
"P0623",44.1836686324562,57.0811784848515,43.640345382894
"P0624",61.5816219889786,57.1424854334435,49.8085423239729
"P0625",43.3410188075365,36.0386207080978,47.3612308130135
"P0626",42.3814865500113,62.4234024783777,55.9738172799679
"P0627",34.6834660968327,49.8137047538635,43.4052126155797
"P0628",44.6002629993945,56.0702514528056,57.1782786132047
"P0629",57.8867614706958,59.8204782868572,60.672359102648
"P0630",62.5463670161019,53.9980320232206,60.8282966496712
"P0631",58.0503978899672,54.7481011089292,58.4120420795861
"P0632",57.9453295405188,58.3433690549638,58.7658665499595
"P0633",40.2151365644633,58.3899822371064,32.0380660787787
"P0634",47.564156195081,61.5253430899061,63.3617209258339
"P0635",41.9234701621917,36.3956129858513,49.3334712979442
"P0636",44.7416331969671,31.9722446097796,45.7872394122978
"P0637",36.1881875199748,65.6337187172503,46.8767976609585
"P0638",51.1661328011314,49.597308279485,56.1480592102231
"P0639",42.7862031713859,40.1944045621622,40.5461672997073
"P0640",46.2267461234826,55.0978365948375,37.9054204499175
"P0641",56.7847848036792,59.5400129753447,34.2150241362508
"P0642",27.6918648628987,53.6202829432801,31.6803330785612
"P0643",50.8664663703411,69.1365033420214,35.6187577285026
"P0644",46.7500321473417,59.1455315670193,68.631157158356
"P0645",45.8820327543136,60.9634910879825,35.3057731677403
"P0646",28.0440209180057,56.4657444542948,39.2640335844463
"P0647",54.5195856865817,46.7425570934522,51.4962703261842
"P0648",58.1929970187182,44.5046167990756,67.6423648686463
"P0649",35.9931741318832,45.4096088727006,41.7490929819408
"P0650",30.7825026700899,56.1346264633911,35.2204227677722
"P0651",38.1210102039308,49.0589746956402,55.5366954184767
"P0652",57.4240911582556,43.9737517578874,52.9010615270927
"P0653",39.7187790658216,71.328090766298,30.4467991261276
"P0654",42.7366652151391,38.1682967891837,44.3184117483617
"P0655",36.2825593234574,65.3450016026089,36.2360326943568
"P0656",39.6993619151932,61.3332219269847,39.3665893502147
"P0657",70.2705928412742,25.4715434833456,49.0563946586526
"P0658",42.806704975505,63.6332873445367,35.3804867359354
"P0659",34.2835335967562,53.999110558283,41.6944354171092
"P0660",46.2048010602715,40.285479996911,55.3260540389331
"P0661",37.953888823613,52.3823013388168,43.5951724592603
"P0662",65.937326882828,61.7797986789805,60.7397579481006
"P0663",56.9504736774055,57.3519495742505,69.8518020022721
"P0664",46.2143238792242,67.6805278558877,64.3401142153222
"P0665",45.9222605752954,60.1898164786086,40.3051490643976
"P0666",48.8977967890627,26.5828086778456,55.9783063539527
"P0667",45.5367736954012,47.4711867642144,45.9743584270333
"P0668",52.7931210202979,53.2144390266462,42.5381126960375
"P0669",35.8964972741479,57.8855852321234,37.9054592406852
"P0670",34.1767515547343,56.1812578873942,33.1516808716606
"P0671",63.4959632740466,48.226688774158,43.1976628950678
"P0672",73.0468193459524,58.5848180207347,60.4790370726047
"P0673",40.3496303715846,49.1131695423516,45.3573682591123
"P0674",47.8641943118727,35.832366696655,59.9978984751556
"P0675",47.9486354804745,55.7443241395346,56.5815387823954
"P0676",54.0269205543447,40.37102843961,55.7309021236737
"P0677",43.7470041899393,42.2066751160864,52.6278896596081
"P0678",51.5022304626204,47.0280192072357,36.6796370157932
"P0679",48.7644646204348,61.9739383647024,41.2103295889857
"P0680",51.3475886918077,48.9783999406021,58.6848024100431
"P0681",38.2912904900762,47.0075043111054,60.980602225566
"P0682",49.069043791382,62.6944261521508,58.4944767642794
"P0683",53.1267177241318,52.1481843236577,43.817048079792
"P0684",61.1356341830301,57.8814299697919,65.8650080273182
"P0685",51.3975111975327,58.9985463796386,58.556431876228
"P0686",33.2979661506843,41.0085035801713,46.676349275088
"P0687",63.9837930097127,43.6482229521512,53.4009068194417
"P0688",47.1502492576941,53.8595665883569,45.8189373963995
"P0689",67.0926561615367,47.6438197008959,48.5668428935719
"P0690",39.3685121952092,34.5388982573209,35.6976898162335
"P0691",36.5713089028393,65.3420843241032,31.5744758089477
"P0692",50.0598009198539,44.4214266301497,56.6696480114539
"P0693",35.0684599257073,49.8272574649958,33.8900936435108
"P0694",39.046930869487,37.7127182917074,45.4940753646632
"P0695",35.8398701224326,44.9643310369465,42.7514393584309
"P0696",45.5033567356763,45.8532604404968,34.2903054202956
"P0697",52.5734581289692,33.1679195215997,62.9433821604141
"P0698",59.4743968372655,46.5566685941587,58.1191070177687
"P0699",43.6400424364174,59.6262600204873,42.5911237838201
"P0700",45.3030982441084,40.8789840557072,55.9876871945145
"P0701",65.3379108433374,67.2161297330352,69.115174592756
"P0702",47.8538970194085,49.5544259363174,57.5756914293607
"P0703",52.5132708363937,48.4868540567955,43.4146739735582
"P0704",65.363619414437,52.5350886446115,36.8388662582309
"P0705",51.1649061276966,45.7770726903466,38.4137665023464
"P0706",60.3156710842448,34.154614359698,57.6155727339168
"P0707",61.11058249238,46.8812265732936,58.592488224959
"P0708",66.3489259758075,37.352530420202,48.1253316488238
"P0709",34.5917065704036,54.2461083251142,52.2837563831652
"P0710",40.6621615283542,54.861415384974,43.2991658504969
"P0711",59.8462131980564,48.7150356930004,55.4233690558769
"P0712",46.6265070762125,52.0588810032218,44.9833670734093
"P0713",55.1539497395704,39.3386115012117,52.0569062186815
"P0714",58.4773139679335,61.7315277251537,57.9508935851289
"P0715",42.0950492630665,47.0183921294773,36.766525360817
"P0716",49.9036308534782,36.7584693202311,62.3407383303031
"P0717",60.7893599101476,51.0735678181143,40.1649650233493
"P0718",61.8503515697765,51.9998622193705,64.7709299296681
"P0719",50.4203365876931,29.9425750066397,48.82563296923
"P0720",50.0345239147432,38.7291553627299,44.6552661559976
"P0721",43.3757495455693,58.8442955389021,36.6316055474592
"P0722",56.9167574857414,48.9204154015241,60.6022732840326
"P0723",44.4801393131623,56.1172031900221,45.8350451058318
"P0724",49.8320118617483,49.4052252637471,62.9255351527589
"P0725",40.3409656196259,28.1075605914787,40.5709298186957
"P0726",44.8820507134454,57.5088744913934,47.0168747988738
"P0727",30.042417963137,59.6018827930462,35.2225580081252
"P0728",69.9457496355238,61.2487241688422,69.8534493765001
"P0729",54.7164912412348,49.9468960180579,54.7468347146119
"P0730",70.2918850740445,61.0541906214567,64.7459410575087
"P0731",62.8640783603665,44.6947927905256,49.1568414209426
"P0732",57.295026294149,50.7202138700489,49.1767318430852
"P0733",39.7061401769711,42.4439801635535,44.808399358648
"P0734",41.1050069102167,43.6150157474083,45.4039825347226
"P0735",48.6859307726435,38.5589660589288,41.9856450886096
"P0736",34.7845497533067,53.6744149725462,31.641143592316
"P0737",33.0919656013661,51.7861856228697,44.0283488568922
"P0738",65.5757017522519,47.8432719837604,65.344252232976
"P0739",54.8002584564025,72.3189201364106,71.0975984993735
"P0740",36.2772732979687,42.0429071331239,40.8285180119386
"P0741",51.002384958502,56.8785822866449,57.7828001939207
"P0742",56.8768816015732,73.5993431379678,62.7535167694867
"P0743",49.295560995561,44.2298632326679,48.8012791443396
"P0744",35.2030309891631,68.575870560234,28.3687846989205
"P0745",62.367902132778,50.5492364607599,56.5243871710804
"P0746",60.4775593410439,46.5892637858428,41.9240926092678
"P0747",41.028347544967,65.5370795041059,35.1592821249528
"P0748",63.1253977679402,34.6115093884993,54.309269820275
"P0749",52.897199126379,58.9302599177431,40.1571929924493
"P0750",45.4092945249194,32.090065251439,47.8296194043008
"P0751",47.4697835139002,48.0685582194074,37.0593960819555
"P0752",40.3894909584497,50.8728852540742,38.5518718061673
"P0753",59.1927858016666,55.0546826936938,57.1585531649646
"P0754",56.4116301628581,38.8520794780179,46.9430499967765
"P0755",53.5791878937844,58.8131842990094,37.1627920307017
"P0756",42.7353484984116,46.4087795935211,42.4915498617921
"P0757",45.2650508562681,39.3298627219599,57.0972427560088
"P0758",47.7153864974716,52.883515390523,35.7268540769174
"P0759",54.2921474108834,55.490518210132,41.6473243574702
"P0760",52.65963663841,49.7363571968389,60.4595929857327
"P0761",43.5258669012159,47.1676824555276,33.4621728009957
"P0762",53.3561065649116,50.8036616024355,51.0946474826176
"P0763",41.2283916780863,49.1334784681554,49.7194771130708
"P0764",46.7146627433803,49.37323340533,51.2139796503452
"P0765",40.538183073879,49.4299033800687,40.8562793092581
"P0766",56.3054553462809,40.0956401097412,39.8222359809457
"P0767",50.8770400490861,56.8235094503683,50.2612406580727
"P0768",57.4242735393511,50.3195577365504,55.9575284906303
"P0769",50.5812357506565,63.7025645987424,39.3639832185215
"P0770",25.63353684015,49.1114330677981,35.5106676978868
"P0771",47.2299870802887,60.0561797260878,65.0511284692427
"P0772",53.1143374143744,33.2171742615492,37.0403022864456
"P0773",51.6617925840572,52.390939692488,50.9892003521786
"P0774",48.7743063176367,44.4913908783658,36.8236268422405
"P0775",41.7506634446252,43.5242229238306,55.9890825228277
"P0776",43.5053902884423,39.9575168647235,46.3128477331649
"P0777",42.6938410360433,43.1293042826359,44.4216567581363
"P0778",46.0446595231109,53.7132283883232,43.4553464539041
"P0779",36.46587702165,46.2681226717121,36.0771295993066
"P0780",45.3256675256595,55.3817484399276,42.4517984238406
"P0781",66.9949815637807,43.5994643945796,63.3238603964345
"P0782",51.4075566936427,34.5614847633318,51.5372992420083
"P0783",56.2200138681196,49.8884694675221,50.9364800838659
"P0784",47.702638344341,39.7529779262834,47.7465826452807
"P0785",56.936419374778,54.1522230875793,70.8078432358433
"P0786",40.5260737005444,51.0973405332082,34.2722597370204
"P0787",31.2687005222251,67.8076910293263,31.2254267237145
"P0788",36.6829181495836,39.3843789604198,33.3664465329473
"P0789",55.9142953051879,36.1357422294734,55.4159669775601
"P0790",56.0338673718266,47.2425456163102,54.567254651798
"P0791",45.5777377325914,38.4053200902451,54.3398140811701
"P0792",55.2917878873237,55.7671855330442,61.8765061528567
"P0793",44.5583106326998,43.1415736706114,43.4951857313446
"P0794",56.3418213603159,59.4016513580086,69.323824377844
"P0795",44.999981181912,48.0965183287635,42.4241009265611
"P0796",46.8573519688562,37.3146816744721,46.8741410424343
"P0797",45.8516447748898,73.6358865567631,30.0215211143398
"P0798",45.4182521310238,51.7450387311622,41.6958747139484
"P0799",37.1755344373046,59.9369609628333,30.5876619172884
"P0800",47.6075439601916,54.0461593850243,37.2894127511835
"P0801",52.156529717583,59.7204288983896,37.3840442911098
"P0802",35.0407190856693,42.6397782972977,51.8097413369652
"P0803",45.9456373398218,33.0771045997984,51.495656866207
"P0804",50.720603604565,46.8554002410802,53.9381392561484
"P0805",54.9996465599231,43.5983586792551,52.7803032771764
"P0806",62.684139111786,60.2458655904191,64.1452284486645
"P0807",49.1973950081207,41.0717595639321,67.7932192325403
"P0808",51.7221955341429,55.2790800930269,61.453586592685
"P0809",45.8596546671312,59.9645559453664,65.1388228155126
"P0810",51.6668022609574,65.204141223583,75.3530773043504
"P0811",63.527207089239,51.9640389994968,47.3956143959696
"P0812",49.4806362463502,64.184732039251,38.5789913252116
"P0813",51.8447893686212,57.547460247391,67.7505249719537
"P0814",47.6226030747548,60.4483061414946,41.4367893295579
"P0815",47.7228041673299,52.8564566394638,46.8755620003239
"P0816",40.1917319866271,50.4718484554691,62.7273532605839
"P0817",60.7597123311945,58.7879697394512,68.679604042364
"P0818",62.0119373482152,60.5340487343126,64.7344184017078
"P0819",56.8174330517802,45.1622177938886,59.1683951350648
"P0820",49.937187418984,45.7987666510207,55.0361388540408
"P0821",55.4228879896734,47.5391757324368,56.9593399213834
"P0822",43.2972259653182,46.1354188116411,46.056209864821
"P0823",46.5254027173229,55.8764372098439,55.6014031419356
"P0824",44.2178487564742,62.2083456367894,55.2598883138852
"P0825",42.5882881042581,45.0209390365734,51.0263936441574
"P0826",41.4319522098379,53.9575356841761,41.3811395970016
"P0827",68.4092494338562,51.406907965573,59.6031001603177
"P0828",57.3767156025318,44.3170709268447,42.1752076957549
"P0829",57.1477103894801,51.1965726651209,56.6144779979309
"P0830",60.7733030206578,47.5854433925596,50.4784403544282
"P0831",45.6967267765549,46.6422683832991,47.4551382404454
"P0832",61.1019054703386,54.1581223319602,54.7288330620962
"P0833",50.8537382994209,48.0933848509391,60.3049597831981
"P0834",42.9029466727729,53.1937498722808,47.889610329649
"P0835",66.0240087023496,69.9486128843258,68.2554995815967
"P0836",44.7080107653707,32.4177258224431,42.0592559746209
"P0837",55.3780844673704,52.2039572590849,46.7159232379006
"P0838",50.0556445821799,60.781750991233,67.3473705816909
"P0839",53.2652600884396,37.3416843523023,42.4317240515815
"P0840",35.79447027168,52.5881669912381,40.4952578685979
"P0841",46.1350319795394,52.4236606415889,64.361260704233
"P0842",50.1330643640384,56.9018957550931,62.9655958859679
"P0843",43.6461291588917,63.2776503148687,33.4495063873764
"P0844",50.3525826229812,27.4589831928118,47.1853322097327
"P0845",40.8948155427551,59.1676933987231,56.1051725466778
"P0846",55.8056623602772,62.3426085174798,60.8806344773149
"P0847",36.6969020157164,32.4604846330204,47.3688664092671
"P0848",34.9000092573495,54.0436803119113,28.3164843270978
"P0849",40.2767808369261,59.4938502777944,41.134634817874
"P0850",45.344786232551,60.7364057066118,35.4297755894292
"P0851",34.6849803679628,53.515937632122,38.6911476724536
"P0852",40.2382826495659,38.7175435901583,38.3451684988963
"P0853",38.1057833958497,58.192288309819,38.5903787076378
"P0854",52.4712685239047,53.1130378057344,62.1053380032799
"P0855",38.2883187579645,48.7310928096412,32.2441788582529
"P0856",48.5255361306407,54.5745153434538,48.3656978151729
"P0857",39.1899934697877,33.5122540193012,53.9939149566492
"P0858",48.488855826415,59.1849426965746,61.3599130918121
"P0859",49.6730283281504,59.6421295571348,55.1382100113564
"P0860",52.9895941349528,58.371067984447,45.8384988894871
"P0861",52.8086153075701,58.969370195292,43.4893906687284
"P0862",65.2778898565299,58.9770480833622,63.796595552593
"P0863",41.7864061338588,54.2646410448679,39.854626769521
"P0864",58.712760491905,47.4013985325061,65.9754753054883
"P0865",36.65964915328,54.8585909072988,41.1212631500329
"P0866",39.0415072240538,55.1536894880841,39.8130071763129
"P0867",51.0976084294404,44.1661024001716,44.9962356807765
"P0868",49.6276645360252,52.4741734326851,48.1411602130051
"P0869",51.5689345585929,59.5365682065393,44.1972413466093
"P0870",60.5377424276507,30.5059746550143,53.5095256732425
"P0871",50.6209659408486,43.9840480937119,61.4513815932306
"P0872",47.596623247921,47.4021073471213,42.3880721819836
"P0873",44.1061671007855,58.2223871728563,35.636160930351
"P0874",36.9862406391536,48.4578580688673,53.4396805860828
"P0875",46.5748008903524,59.2813358899335,57.1509101861068
"P0876",37.2106651561332,36.1079094602294,42.7359680650028
"P0877",42.2165603878425,50.3136597628761,47.6671477992938
"P0878",41.4672064748123,61.958179723954,41.1480234755348
"P0879",51.2920287344303,28.5297683829484,55.013696041074
"P0880",46.145075855788,49.6107793505826,59.9220016745688
"P0881",57.840176210265,63.1509070585066,51.4572641568953
"P0882",30.2304457331383,48.0909109590378,57.5041431778293
"P0883",48.8586370616546,43.4739717859295,60.20524276963
"P0884",63.1222067326141,54.3093585741017,63.8464576993463
"P0885",69.8096028650645,45.5765543079013,59.4527480701842
"P0886",48.497310398582,66.5641002588108,44.2194933315755
"P0887",49.1683660102438,50.839872406667,47.3077331993712
"P0888",44.2020693897121,28.1821518548216,47.3112973068903
"P0889",57.977485326438,31.3800941771207,56.4673232824072
"P0890",54.7288335865546,54.1838950554573,51.2645530268919
"P0891",49.7974245288773,63.4483582397114,34.6741685332044
"P0892",52.5664416660504,56.248599704338,54.0372190429286
"P0893",32.8364027228256,46.3190163958789,33.3473161665064
"P0894",58.5498935463196,58.4674654744769,64.2339759969539
"P0895",44.8150829452631,48.8758521662758,45.6678367580706
"P0896",39.8418168422439,53.5217324310833,43.7257431417706
"P0897",59.0013621835104,61.886892525263,64.5346334278404
"P0898",64.8839651910503,43.3044141993047,55.7172328881064
"P0899",42.82269417504,65.8657414687684,34.1513611560949
"P0900",39.9202517308259,46.815690380245,48.6791540686051
"P0901",64.4041219171177,45.021806258729,59.5402079821001
"P0902",56.5994270876996,54.9222702607105,54.4770880436742
"P0903",33.1360134243699,56.310211040589,35.845633988968
"P0904",45.3560934838182,27.5341847951365,61.6303339110811
"P0905",54.325078191798,42.4668387672666,46.8469129276262
"P0906",49.6233795647554,46.2587063431953,67.1041196580038
"P0907",42.1377544733004,54.8824541450694,46.4767429291181
"P0908",41.4098897921383,60.5229365431329,33.6018378623984
"P0909",49.8125753658028,51.3685888734202,48.5676812859099
"P0910",56.388449109335,47.0335155006319,53.8717519189622
"P0911",47.1708600040132,44.6345959151342,39.4924245160367
"P0912",44.1426316055526,44.7630325533921,37.3264571892031
"P0913",58.1430754595806,56.6667810972588,59.9870763172638
"P0914",52.3441137037579,44.3944907920911,42.3069691568863
"P0915",74.271484919294,39.1938394276915,51.8086097881297
"P0916",53.1480018069697,38.6734732839041,61.6733087838854
"P0917",60.1174712316501,40.6224332615672,56.3997122423697
"P0918",57.6315914130877,68.0975369491148,62.8798006507177
"P0919",39.0939797920582,35.4059827125899,55.6206357014606
"P0920",71.4512310528916,27.8143864734306,50.4853102019416
"P0921",53.9752074723331,43.5910113931751,48.866714717448
"P0922",59.2231627593351,43.2751623271448,47.3441541705415
"P0923",42.4428264527758,62.163767234371,35.4299666045966
"P0924",51.7821208943949,60.6503651464238,57.3656851527301
"P0925",42.5668659505273,50.327452080818,35.4916307920685
"P0926",57.4363215268185,46.5677264883915,61.7897101417668
"P0927",56.6189607346494,38.3957979725548,53.0550019307594
"P0928",42.981215378861,53.8106871789551,44.9339196899294
"P0929",63.90075096514,39.0402243238116,55.3120491545717
"P0930",45.5764091571098,53.8633515413098,56.6571024103634
"P0931",56.4206255665379,59.3747775365494,57.3236552451678
"P0932",61.4444574179094,36.5979225397445,50.2343808736576
"P0933",38.0753207355952,61.97065892659,39.382561890971
"P0934",51.5019391503758,38.2252955301384,57.7131675329684
"P0935",49.6892085236604,42.4879745786258,39.7920158797637
"P0936",32.1144997699878,56.7658302755226,35.2886009467256
"P0937",33.7026109542786,56.5013701059239,34.5957467144665
"P0938",55.623505470329,53.064101485794,44.7558767835632
"P0939",59.9940907835169,43.0918684145113,51.8915999766831
"P0940",47.6801794191717,57.2643417060896,56.3455778320594
"P0941",35.1549105200138,62.4552882212834,33.8782443878637
"P0942",49.421241453084,61.0201473643915,40.238012699912
"P0943",63.2128544784369,54.4001841060703,55.9331818717636
"P0944",43.3772807870793,48.6278814846912,34.6541178624074
"P0945",46.9796018948471,46.5589296083904,45.01371699162
"P0946",58.4421201298304,48.0263335785667,59.2820876551082
"P0947",66.7548339544487,59.3498889381252,67.3130689094606
"P0948",47.8108624015523,48.419933357333,35.9095779428031
"P0949",51.8764343158349,62.3777430401579,33.3376459413968
"P0950",28.9362098268684,73.4798965049126,34.9937796843418
"P0951",43.9195408391604,46.1027021521143,43.8574903661217
"P0952",47.0624218523002,31.4079885147524,53.9195741821793
"P0953",40.80144003152,39.3635354145167,40.5683617020044
"P0954",45.6240737857993,33.8273061581695,39.4001698501811
"P0955",27.7271378317209,52.1811577185592,50.0472748225948
"P0956",45.2512700162987,39.4991997522557,41.5397989199212
"P0957",45.5891527099197,43.5513739658146,53.6610946784576
"P0958",52.1397159618131,49.0437719787361,61.4364291166544
"P0959",48.6069608025165,39.9791805528441,39.7381083936124
"P0960",67.4746489476035,58.6405588776633,68.3891759515138
"P0961",51.9584399938212,61.5967198279314,36.4554602382319
"P0962",38.1167921625749,31.3819659374036,41.5366574022011
"P0963",48.3456459009598,35.9226991818262,53.4060804477749
"P0964",30.5771259022191,67.9067628742043,35.4577650751988
"P0965",63.9329280009654,62.8860248649217,62.0509336934806
"P0966",40.3928407392329,41.3498508038718,58.2699082990269
"P0967",32.7720022468845,45.3560864503108,35.9856789290846
"P0968",52.2568158181571,56.1864869967506,57.9455774437694
"P0969",66.9031977335743,47.5311150870189,62.1957113075666
"P0970",41.3347848649195,56.0607207035284,35.4129080255272
"P0971",46.0544334961977,66.5769099274656,37.6091108872551
"P0972",65.6203560753719,40.8934686952264,53.4480608347298
"P0973",37.6712024589861,46.6445531724707,39.1745609460236
"P0974",38.7147892568418,52.4942431825435,36.5820151178523
"P0975",70.5680189321144,58.5690094663394,67.7582620791477
"P0976",48.0216904497021,69.9963398468114,61.9682515144442
"P0977",46.4817938047239,53.506159699283,60.8470452462135
"P0978",48.5669107966018,71.2924485120518,60.2913106937151
"P0979",55.0019404122658,57.921461723245,62.0741356836027
"P0980",43.0432117986514,48.2883648718095,61.4616867088796
"P0981",43.1420906630106,38.2788293814225,47.0503306888733
"P0982",40.2509630734302,44.1501778800223,47.805223967035
"P0983",72.795539533672,39.1437880693207,51.5341399488425
"P0984",43.3026311697283,43.8065062369729,41.0231409809048
"P0985",46.289067964155,44.0746835076517,41.2431874981054
"P0986",46.8076588300275,71.9104637021643,36.8512661283121
"P0987",53.3132183817875,38.9618904019861,42.167089171656
"P0988",43.6855924245427,46.433237115018,47.4519118115104
"P0989",45.0231431546203,71.2432344649909,60.160261546311
"P0990",63.7022393559996,36.1971318393106,58.9193003896782
"P0991",50.3719964831385,43.5426238439205,49.9371995287149
"P0992",35.5653306949723,46.7503044715445,35.8393190252491
"P0993",52.4534465444783,59.4420895905673,48.4513101542056
"P0994",54.6872840287417,47.8893029763359,49.7853686554601
"P0995",50.1928563092454,60.0608414797519,56.6008977207995
"P0996",54.9512699183864,48.8789571339575,58.7905361953714
"P0997",46.9949166509511,55.4724561390066,48.6557076163794
"P0998",48.2292380564823,39.8081369548699,36.753965221608
"P0999",48.3704100801604,52.4767424295801,54.4368622611169
"P1000",48.5019472133667,56.350175056785,59.8412568401524
"P1001",60.8670053238491,52.7493057893148,56.7311827552737
"P1002",57.0945380071952,52.9942575525814,56.0039801603587
"P1003",49.4648873497707,58.773500769888,66.5637828771673
"P1004",53.0107282555467,41.6458157419889,59.6817465762044
"P1005",47.8617396710069,53.7785319609354,57.7486318624499
"P1006",45.5140205680019,52.4013632839254,42.5947172117982
"P1007",40.2778201702584,60.6740767090287,46.5364116389686
"P1008",42.5505075430413,52.7450264034101,45.4960570846829
"P1009",52.1382167479453,51.2553485351579,60.9050335702921
"P1010",68.0716560748593,28.4476313452243,47.7471594273471
"P1011",63.5059000188118,49.0449054366795,61.7760069708246
"P1012",50.2388227267902,54.9207259107622,33.9199957273747
"P1013",48.5934878049253,50.0093257315322,56.749163161126
"P1014",54.0642438259197,40.1031280981255,41.2769002932215
"P1015",56.3090179194536,50.6702299912211,41.2452818807501
"P1016",60.8442018518548,53.0748855542429,63.829621043325
"P1017",42.2979403887515,37.1248814407108,39.4312152797935
"P1018",36.729902863836,42.4932368909644,46.8429816323366
"P1019",52.2371962067978,61.1552283035026,65.0679472838334
"P1020",26.3055026673352,54.1835610927479,38.9385107050876
"P1021",73.0975936031684,37.7955040780161,57.6347909128383
"P1022",46.1491394563201,51.2519364530283,61.0333761252323
"P1023",71.0758220897052,29.981464934699,57.8042124412976
"P1024",58.7401076511066,40.1949130678109,63.964952203385
"P1025",55.0509923209648,49.8960720139047,43.4226509593158
"P1026",58.2800360886352,41.3907213377871,55.5795028865553
"P1027",50.7817698513093,35.0581539228316,50.9054341185088
"P1028",47.321759181879,44.9176053034067,42.0255358794519
"P1029",51.1181152888885,63.1106804267638,63.3323637267615
"P1030",33.5097834138749,48.9038357313001,51.152920697381
"P1031",45.4082392752513,47.8212084727655,42.7953501602754
"P1032",53.9063674147414,48.0188236935071,48.5112429169667
"P1033",54.1547782549353,42.9155449159907,59.8204873427787
"P1034",43.3855301814748,52.7751274853123,59.8388088767906
"P1035",53.9304783744361,61.4200063425401,60.3720575622983
"P1036",61.7025276644893,44.3543948372369,61.7923029183549
"P1037",37.0382841042458,49.3851959143073,39.4103657259379
"P1038",43.566981707422,56.4647979532473,47.5024105367086
"P1039",46.2495688684517,37.3306276616909,52.473326767463
"P1040",54.1703097909879,52.6860857060076,68.1266638380584
"P1041",44.4215749264319,62.3275445924364,31.1592549049431
"P1042",60.2316259718933,66.3947465165461,62.7709203508819
"P1043",44.4013631574806,50.0237841685315,55.640241334974
"P1044",38.9496247849274,47.3228885832651,36.0669435158641
"P1045",38.8238700659803,39.2746107453856,41.4078836295494
"P1046",39.8081363395316,53.0101684872816,33.3939400412689
"P1047",58.3163356061155,48.3522288461538,65.5879984131317
"P1048",65.2606476337161,56.9225040128312,49.7375370581985
"P1049",41.6141273910441,68.1249836181783,30.893744154328
"P1050",58.9683532160238,48.6895691898399,55.6861480233879
"P1051",48.0563861389249,30.49041143608,50.3380375178399
"P1052",46.5429890908457,51.6836238210501,47.1645522076142
"P1053",37.5147967396309,65.3176606993612,41.8675149271956
"P1054",56.541987410439,48.9539188003241,46.7839266241704
"P1055",43.5970618800661,72.056834457271,31.1472553477757
"P1056",44.2722190667408,48.9605183694325,54.6942837489105
"P1057",62.8106969441139,35.6570903666379,42.9642364062364
"P1058",40.8567943885478,42.7101033331357,46.5641181014741
"P1059",70.673310008789,55.0323078435654,70.3054026638166
"P1060",54.7655476762113,54.4914191997459,56.1373015854804
"P1061",49.9224555864135,45.6030677885459,64.1057621566644
"P1062",56.2547752799922,48.2919639238463,49.72096940754
"P1063",45.9104518922225,47.1826381044166,59.2043232803143
"P1064",37.9116706789107,61.7359252376574,34.8766571029725
"P1065",55.1864780369327,51.5784854108819,48.9091683015336
"P1066",25.6713528708423,36.8989513318554,55.8073334244674
"P1067",47.5918361368063,38.0758565339944,41.6193110325557
"P1068",63.5586369484947,51.7879285953146,44.7198669568028
"P1069",67.0727036908164,52.1693418936805,59.5155365541646
"P1070",39.3518129534852,58.3730488282284,38.7398162058587
"P1071",48.711822145798,58.3725432590787,66.909448046781
"P1072",59.5261616333924,60.3167928462168,39.4858586058404
"P1073",57.4828913627791,35.3703025136195,43.4663367748553
"P1074",72.4561187039082,48.8927272024937,65.1792587497051
"P1075",48.5792851215442,55.9251854125321,41.3791059720261
"P1076",58.8057010160197,39.9513236008376,58.2524436584533
"P1077",31.4153329425912,64.4607005070461,39.117794281754
"P1078",64.0023421805726,50.2798842534353,71.1344974635247
"P1079",57.1037506430707,43.2092195355872,46.6319624685566
"P1080",41.2435902261654,63.747160952337,35.692828714794
"P1081",42.8743261607467,53.37916373012,34.6988413721297
"P1082",60.1110246657768,44.1739613432208,58.4631089917605
"P1083",60.4524282063153,38.5142627856502,53.8601671052367
"P1084",42.6892063935573,49.1586630062986,47.0712274682969
"P1085",50.2540498089832,60.2590391567248,55.7680198802663
"P1086",31.7400815718764,54.3144184419643,44.2580316259517
"P1087",56.8851957139941,27.8449962356859,41.6712117443207
"P1088",60.3568676300446,56.2773469825867,68.6370533152814
"P1089",38.5751456749444,36.6367645304651,46.482925237973
"P1090",46.559445132814,55.6789505527737,32.9916978641685
"P1091",51.3407445102639,49.9616547013835,41.0720527251839
"P1092",53.8551922948475,44.2343007176751,61.9359526856704
"P1093",49.9492366252405,33.0969480202747,41.1423232037039
"P1094",27.2130641374357,64.2444005245548,51.0240896287456
"P1095",55.6765291781349,46.9269100796251,56.7378607252705
"P1096",60.019952250772,52.025036580166,68.3653691721384
"P1097",64.61177835812,59.9035009347498,63.638564833348
"P1098",33.6885475011425,39.7431198624242,43.1404093242352
"P1099",49.957973428849,51.5894877594354,50.7652848438389
"P1100",53.8545157924417,54.0023579458973,65.8641593071874
"P1101",40.5846123524509,56.2986614875282,33.612294799586
"P1102",37.6210267987398,45.0420566959071,33.0305724179082
"P1103",50.7567571373904,39.8020195230933,54.720285237342
"P1104",59.6097441452803,43.4900660000631,43.4312165662381
"P1105",48.2629867613895,44.9437994527691,44.8276404902598
"P1106",51.9959658429295,52.7837510763031,41.8090800343488
"P1107",35.5568133648123,42.6151595695091,41.9419167649363
"P1108",44.3771323878657,45.2844544678717,39.96489661882
"P1109",40.5163607185252,46.8610756276377,37.7469021479116
"P1110",51.5712755619599,44.2191185492989,55.4211004627051
"P1111",63.5591063058572,43.8994828627146,62.7107010994127
"P1112",63.2446106877208,52.2269909866555,65.7308791538476
"P1113",52.6380037436307,56.3431524160636,36.8510952041616
"P1114",53.6034484912176,53.7035573514275,50.5085271533246
"P1115",52.1451701444646,46.8832254046721,58.2974521723986
"P1116",46.7749787413731,48.7594850734783,55.1251943409932
"P1117",64.6710549295998,44.5169024844207,62.2751258993609
"P1118",37.1177315662486,40.1212162821309,50.5626942640025
"P1119",46.8931329727241,50.0581600102696,46.7909004084381
"P1120",46.0072963127414,46.4644571294897,40.1289974925193
"P1121",46.5874955621507,42.0128260874247,35.0117674507801
"P1122",55.2332581908782,54.7681983312046,33.3362045694587
"P1123",32.1678041133921,57.5289599336905,40.8957666189797
"P1124",35.3242203284,58.0040393364885,29.9976574526498
"P1125",55.7638503227666,57.3345994194741,49.9017390161288
"P1126",45.0805508828687,52.2856462716569,41.2945464444176
"P1127",48.3669192624966,43.9218022530229,55.1795023477631
"P1128",62.5289651852986,41.9166412491123,56.2587876103466
"P1129",42.7977993495756,60.8161958345606,37.5959633124542
"P1130",37.6242641567091,37.9106197482264,36.2604180639627
"P1131",32.6785806461826,39.7073045409424,45.3686202825497
"P1132",58.5693203162474,43.5764925650052,62.6019128864666
"P1133",53.2007266787777,51.0088669882511,51.002480088303
"P1134",43.101013237807,53.5369635990022,40.4636083310615
"P1135",25.7468835641302,45.6008804558167,35.0547727729143
"P1136",36.778594209869,51.1946898942683,37.5059177201517
"P1137",57.5355877250653,59.4848545635565,59.4035082045409
"P1138",40.0070130067875,51.8845161059119,36.4506104122459
"P1139",53.8653334249474,67.1751451101463,70.4275125558192
"P1140",57.7150717231688,63.5965711398073,62.9350997055115
"P1141",51.5919159155041,49.302363635258,45.1266262825412
"P1142",37.530978276847,61.4014612976572,28.8221195388715
"P1143",47.7314868298794,47.9050795066816,49.6807686534302
"P1144",43.666041517769,47.9350115410999,42.8677014444194
"P1145",38.1987274571237,63.9705001483699,33.1792345707345
"P1146",60.5276225762624,39.2362418048173,61.9824398608283
"P1147",45.561833094548,50.2489793941724,57.5105661090052
"P1148",39.0053279229484,58.8431422600845,60.091606395358
"P1149",39.852150678744,51.1290269068827,42.734626256182
"P1150",53.2323088222067,60.1486196143971,43.0484043845956
"P1151",59.4493688877516,40.6099176072262,57.9506927055085
"P1152",58.7073508590384,57.7252574846277,58.0250677462085
"P1153",58.8783637210879,38.6229244912471,29.9157219486117
"P1154",44.933834884756,57.4700280456223,61.8866446865358
"P1155",47.4711167910506,60.088842744892,41.1522580180022
"P1156",47.5478096703332,42.0294589362193,43.994052618114
"P1157",38.4962013997795,63.4140612338533,38.4665973515211
"P1158",55.9064742550301,42.5938077009871,49.9748153350257
"P1159",55.0018515275309,40.5656103130415,49.2921051252957
"P1160",49.3611878697373,51.05738121753,65.0833167851358
"P1161",68.0000829512416,44.8433194157153,58.7088840876701
"P1162",30.9690193523554,46.4656786045284,51.4785256735618
"P1163",53.6487051370629,60.9027049109897,32.1416056377078
"P1164",44.8144305549538,43.6846199649299,54.5063231314889
"P1165",55.6044184424628,45.555262487387,51.5098189439428
"P1166",57.8500479627312,57.3346733184944,61.4857907417608
"P1167",35.7597446120563,39.2806410946841,52.0170102850695
"P1168",35.8821152129734,43.9858441561721,38.2902933832222
"P1169",57.7861537760888,44.9851390364042,48.6110217787542
"P1170",51.5408985024256,30.7998890479525,47.9711339403956
"P1171",42.980994356456,55.4618771021872,40.6248494875695
"P1172",60.0804909782225,62.4047913751809,67.6800731992341
"P1173",49.2809289604462,73.4393647378331,66.4120122110274
"P1174",39.0260243116079,38.9742724514987,35.8847616405948
"P1175",55.9640183389413,56.2904952260293,48.3676548393608
"P1176",44.6624984009017,34.5565013468317,58.8416659038976
"P1177",50.8553482841871,32.3641542937246,42.5584461055812
"P1178",39.1357779039689,49.9663133086701,30.7993816719869
"P1179",53.9930401199507,44.8250307235028,46.5398442827599
"P1180",73.9744876265056,41.9365792366805,62.6782763706438
"P1181",55.1409475105015,39.2313413657027,66.3495906206255
"P1182",41.249832514716,40.9348728700875,33.1869566719854
"P1183",42.7017969784834,47.5097910708774,44.1737970625458
"P1184",57.1207490524122,50.9406101531045,53.2403606549582
"P1185",57.1182965393971,54.9758710700865,41.747618602816
"P1186",54.6337039638372,65.0122520491088,66.267715785617
"P1187",51.8235514344442,52.4971372312018,58.5192964183387
"P1188",50.5779780618147,35.0733893939544,54.3784148509253
"P1189",48.9803686563486,53.6330762502934,64.2223066575735
"P1190",41.8591399176939,61.2493672455747,67.6232357783886
"P1191",39.8328464767212,36.0792620318203,43.2203263218058
"P1192",48.3393160625786,58.3869377596288,38.3410754191992
"P1193",42.7848471969265,47.374512104191,39.3692087116401
"P1194",45.8341652667736,67.2347416857247,40.8911375134589
"P1195",52.7257565815116,57.6544518866609,34.9535930558693
"P1196",59.9846894244135,60.9126661885933,64.7987981374298
"P1197",59.4154423359366,42.0785606318584,48.0084872002979
"P1198",65.1442694327933,49.3092097346026,63.1207882504491
"P1199",53.5810379949924,61.6549191298996,45.7120974784389
"P1200",56.652961812027,36.0064914877362,51.2269319181937
